Reviews,cleaned_review,cluster
"(EDIT) it's 100 bucks a year now?? üòÇ WITH a discount, otherwise it's 200 bucks?? Are you all tripping? The concept is great but I do not understand why being able to check items off from the previous day is a function locked behind a paywall. Especially when the calendar changes at midnight on the dot, that means I'm constantly unable to register what I've done during the day just because I've completed a task at 00:30am. I'm not going to pay 35 bucks just for that function, it's absurd.",edit 100 buck year discount otherwise 200 buck tripping concept great understand able check item previous day function locked behind paywall especially calendar change midnight dot mean im constantly unable register ive done day ive completed task 0030am im going pay 35 buck function absurd,1
"It seems like a great app if you want to pay. The concept is great, it explores all aspects of your life to help you improve them all. However, 90% is behind a paywall of about $40 a month. I find it funny that one topic is financial frustrations, and yet... have another bill to deal with it. I'd much rather put up with ads than pay what they're asking for some simple help with life goals. I can write it out on paper for free.",seems like great app want pay concept great explores aspect life help improve however 90 behind paywall 40 month find funny one topic financial frustration yet another bill deal id much rather put ad pay theyre asking simple help life goal write paper free,1
"Originally this was great! It had a lot of free help that was beneficial and at one point I switched to premium to benefit myself more. Some life events caused me to drop the less necessary costs in my life and I'm stable again and now it seems that every goal available is only premium. This is terrible for marketing because you can no longer sample the goals they offer and prepare for you. Now, there's very little you can do without paying.",originally great lot free help beneficial one point switched premium benefit life event caused drop less necessary cost life im stable seems every goal available premium terrible marketing longer sample goal offer prepare there little without paying,1
"This idea is fantastic, and i would use it non stop. But I think the cost for a subscription is kind of ridiculous. If it was cheaper I think that I would do it. The amount of free stuff is very limited so you kind of have to pay to do anything. It's a great idea, but I'm not paying 12 dollars a month for it... Im tempted, but that's too expensive. I think this app would still make a good profit without having to pay, and as annoying as ads are, it's much better than having to pay monthly",idea fantastic would use non stop think cost subscription kind ridiculous cheaper think would amount free stuff limited kind pay anything great idea im paying 12 dollar month im tempted thats expensive think app would still make good profit without pay annoying ad much better pay monthly,1
I'm sure it's a great app for people who have more time than I do. I wish I could utilize the benefits of the app but it's too much content too many choices just too much I can't spend the time navigating through it to find out how exactly to use it I would say simplify it maybe offer a simplified version? it's just not the right app for me.,im sure great app people time wish could utilize benefit app much content many choice much cant spend time navigating find exactly use would say simplify maybe offer simplified version right app,1
"This is a great app, I like the features and the goals. I'm on the free version and I get that you can't plan that far ahead because it's a premium feature. However I think seeing the things you have already added to the app you should be able to do for FREE. I would understand if we couldn't add to the past or edit past entries. But not seeing them at all I think is really point less. Would have given this app a 5 if I was just able to look at the past entries I have made.",great app like feature goal im free version get cant plan far ahead premium feature however think seeing thing already added app able free would understand couldnt add past edit past entry seeing think really point less would given app 5 able look past entry made,1
"I agree with the previous user. Seems like it could be a valuable app but I want to know up front if it's free or not instead of downloading the app, having to create an account then get hit with the pricing before I can continue using the app. Theres no point in being deceptive (not sure if that was the intent or not) but it's always better to let ppl know up front if there is a charge involved instead of them having to find out on the back end.",agree previous user seems like could valuable app want know front free instead downloading app create account get hit pricing continue using app there point deceptive sure intent always better let ppl know front charge involved instead find back end,1
"Insanely expensive upgrade LOL! Not possible for normal people to afford! I'm in US. UNINSTALLED! // PAST: It prompted me for the 1st time, I spent at least half an hour & a great deal of thought - time I didn't really have typing in my reasons for my mood of today. Then it didn't save anything I typed. It only saves replied to its prompt if I subscribe, yet it didn't inform me of that?? Not happy so far. No free pro trial, so I'm unable to see if I like it or not?",insanely expensive upgrade lol possible normal people afford im u uninstalled past prompted 1st time spent least half hour great deal thought time didnt really typing reason mood today didnt save anything typed save replied prompt subscribe yet didnt inform happy far free pro trial im unable see like,1
"Bought the full version on sale, can say that its actually helped me in times of high stress and would definitely recommend someone buy it. Like all apps, after a month theres a lull where you don't feel like checking in anymore but i notice thats when I need it the most. Great app. Not sure if they add more classes or thats it, i dont think the app makes it clear. Still good amount of courses, worth the money imo.",bought full version sale say actually helped time high stress would definitely recommend someone buy like apps month there lull dont feel like checking anymore notice thats need great app sure add class thats dont think app make clear still good amount course worth money imo,1
"I would give this app 5* if you could see your past journal in the free version or the cost of premium was about half what it is now. ‚Ä¢The devs offered me a one week trial which I appreciated, so I changed from 3* to 4*, but my day doesn't end at midnight and not being able to change that is a dealbreaker for me. ‚Ä¢The subscription page at the beginning is also misleading, it looks like you can't skip it even though you can. I KNEW I could skip it and I almost missed the little x in the corner.",would give app 5 could see past journal free version cost premium half devs offered one week trial appreciated changed 3 4 day doesnt end midnight able change dealbreaker subscription page beginning also misleading look like cant skip even though knew could skip almost missed little x corner,1
"Awful. The previous version of the app was awesome - so good, been using it for ages - will now not be subscribing. Hideous new interface, difficult to use, super clunky - got to fill out things in the mood thing then go back to the journal thing. Horrible, time consuming, and actually a bit ugly, totally overpriced. You RUINED it. Turn it baaaack! I rely on this so much but only use a small part of it. Happy to pay for just that. Really upset.",awful previous version app awesome good using age subscribing hideous new interface difficult use super clunky got fill thing mood thing go back journal thing horrible time consuming actually bit ugly totally overpriced ruined turn baaaack rely much use small part happy pay really upset,1
The customer service is great and it's a nifty app that has a great UI and does what it does well. It's just really annoying though for forgetting I'm a premium user. I paid for it via a link given by the app (for a reduced fee) but now I find I keep having to ask customer support. It then seems to be resolved only for it to be taken away again. It's an experience not all customers will go through but it's just been seemingly going in circles somewhat,customer service great nifty app great ui well really annoying though forgetting im premium user paid via link given app reduced fee find keep ask customer support seems resolved taken away experience customer go seemingly going circle somewhat,1
"Love the look of the new update! And the developer is such a nice person :) (I told him the word ""resources"" in the menu doesn't quite fit on my phone screen - the ""s"" at the end puts itself on a new line which looks odd - and he emailed back to say he's gonna fix it! They've taken on previous feedback/ideas I've given too which is so cool!) But yeh love the app and so happy you've changed the headings to include day of month and date!",love look new update developer nice person told word resource menu doesnt quite fit phone screen end put new line look odd emailed back say he gonna fix theyve taken previous feedbackideas ive given cool yeh love app happy youve changed heading include day month date,1
"At the start I would have given it 5 stars. I actually really enjoyed the daily video session and that's what made me sign up in the first place. I'm now a couple of months in and the video sessions have stopped, I just get a quote instead. I've unsubscribed and annoyed I had to pay for the whole year already and the main reason I got it (the short daily video) is now no longer there.",start would given 5 star actually really enjoyed daily video session thats made sign first place im couple month video session stopped get quote instead ive unsubscribed annoyed pay whole year already main reason got short daily video longer,1
"This is the worst self help app I have ever come across. because the content is good, overall experience is superb, but everything (yes, even the most basic ""getting started"" courses) are behind a paywall. when quizzed on why is this the case, the support agent lied and said some of them are free but when I checked, not a single course in the highlighted courses is free. i would give it 5 stars if you gave enough value in free plan. Instead you guys lied to me and frustated the hell out of me.",worst self help app ever come across content good overall experience superb everything yes even basic getting started course behind paywall quizzed case support agent lied said free checked single course highlighted course free would give 5 star gave enough value free plan instead guy lied frustated hell,1
"If you have executive dysfunction issues, give this one a miss. Came back to this app after using it a couple of years ago, and I could not even get through the first Daily Remente session: it's a video that you can't skip, rewind, or speed up, with a presenter who seems absolutely lovely but talks very slowly and deliberately. I have no idea what she was trying to tell me, I can't find a way to switch to a transcript or text-only mode (there are subtitles but they're so slow it's even worse.)",executive dysfunction issue give one miss came back app using couple year ago could even get first daily remente session video cant skip rewind speed presenter seems absolutely lovely talk slowly deliberately idea trying tell cant find way switch transcript textonly mode subtitle theyre slow even worse,1
"Having completed the initial questionnaire, I was then asked to sign up for a premuim membership. Although that screen had the option to dismiss it, it didn't work and I couldn't get into the app to try it out. It doesn't look like a subscription is mandatory but, unless that screen can be dismissed, it might as well be, and I'm not paying ¬£12 to try out an app that might not do what I need it to.",completed initial questionnaire asked sign premuim membership although screen option dismiss didnt work couldnt get app try doesnt look like subscription mandatory unless screen dismissed might well im paying 12 try app might need,1
purchased the premium version and was sadly disappointed. the resources are ok but not great and in my opinion badly narrated. the app kept crashing while trying to write in the journal to the point that I had to restart my phone. massively over priced. also customer support sucks as I didn't even get a reply about the crashing issue. subscription cancelled!,purchased premium version sadly disappointed resource ok great opinion badly narrated app kept crashing trying write journal point restart phone massively priced also customer support suck didnt even get reply crashing issue subscription cancelled,1
"Hi, I really like Remente. However, lately it is getting more and more annoying because of the frequent crashes. It happens ever since the last visual update (plus I prefered the previous one, I found it more user friendly). Please, do something about it. Thank you!",hi really like remente however lately getting annoying frequent crash happens ever since last visual update plus prefered previous one found user friendly please something thank,1
"I honestly didn't get very far. Any app that forces you to sign up for regular payments before you have a chance to see what it is about automatically gets deleted. If you're forcing payment, make people pay for the app before they download it. This might be great but I've had bad experiences, so will no longer touch any app that begins by starting a paid subscription for you. 1 star because it feels like I was being manipulated within 20 seconds of loading the app.",honestly didnt get far app force sign regular payment chance see automatically get deleted youre forcing payment make people pay app download might great ive bad experience longer touch app begin starting paid subscription 1 star feel like manipulated within 20 second loading app,1
Really good app no matter how many times I uninstalled it I just find myself installing it again.. The features are great but one thing disturbing me is that can you also add a habit feature (or is there one already?) with offline feature cause it's a hassle to always connect to the internet specially in our area where it's too costly to have internet at times,really good app matter many time uninstalled find installing feature great one thing disturbing also add habit feature one already offline feature cause hassle always connect internet specially area costly internet time,1
"Can't do anything without a premium account. Uninstalled this app ages ago and I keep getting emails from them, but whenever I try to unsubscribe it takes me to an error page and the link on that page to report the issue takes me to some other random website that has nothing to do with this and I'm sick and tired of these emails!!!! Leave me alone!",cant anything without premium account uninstalled app age ago keep getting email whenever try unsubscribe take error page link page report issue take random website nothing im sick tired email leave alone,1
"I enjoy the app with all its features, but I have opted for a monthly premium subscription. The payment has gone through but I just receive an error saying ""Your order is processing, your item will be available in a few minutes."" its been like that for 2 days. Please assist and if it's resolved I will change my rating to 5 star.",enjoy app feature opted monthly premium subscription payment gone receive error saying order processing item available minute like 2 day please assist resolved change rating 5 star,1
"Great app! I dont know about the long term benefits just yet but I've been updating it regularly. However, everytime I open it a second time it doesn't load and I have to shut it down from the background apps and reopen. A little frustrating but this app comes from a good place. Thank you!",great app dont know long term benefit yet ive updating regularly however everytime open second time doesnt load shut background apps reopen little frustrating app come good place thank,1
"Instantly uninstalled because the free content is poor. Just want to find a good self help app that doesnt cost the earth , or at least one that has decent free content and doesnt immediately shove the premium content in your face. We can't all afford to pay for apps like this especially when they are so overpriced",instantly uninstalled free content poor want find good self help app doesnt cost earth least one decent free content doesnt immediately shove premium content face cant afford pay apps like especially overpriced,1
"Exciting concept, disappointing outcome. Put it on 5 iOS and Android devices, created a basic account and seeing nothing to the contrary left to assume syncing was built in (have yet to see a settings resource for any such purpose). opening screen jumps right in and later I realize that nothing showed up on my other devices, wrote to support about five hours ago and don't even know it they received it. one reviewer said something like 'great app but overwhelmed support.' That is my thinking too.",exciting concept disappointing outcome put 5 io android device created basic account seeing nothing contrary left assume syncing built yet see setting resource purpose opening screen jump right later realize nothing showed device wrote support five hour ago dont even know received one reviewer said something like great app overwhelmed support thinking,1
"Hi. I was really happy to download this app and it was great withnthe setup of the app, butnthen in less then a week things got locked and now everyting needs to be paid. I can now only use it mood. Its great,but im not spending money to unlock things that were open before just because they want money. I would recommend but be on the watch. Nce app, changes fast.",hi really happy download app great withnthe setup app butnthen less week thing got locked everyting need paid use mood greatbut im spending money unlock thing open want money would recommend watch nce app change fast,1
"Remente has many pay-to-access features which may turn some off, but there are still many things to do for free. I wouldn't normally pay for an app like this, but I think I might soon make an exception. The app has helped me to lose weight and be more confident, which is what I know many of us are looking for. In doubt? Try the app. See if it's for you.",remente many paytoaccess feature may turn still many thing free wouldnt normally pay app like think might soon make exception app helped lose weight confident know many u looking doubt try app see,1
Its been super helpful to me in many ways! i would give in five stars if the free version would at least let you plan for the next day. Im choosing to upgrade anyway and but the premium but i would have bought it sooner if I was allowed to plan a day ahead and experience the feeling of being prepared as well as the feeling of accomplishment,super helpful many way would give five star free version would least let plan next day im choosing upgrade anyway premium would bought sooner allowed plan day ahead experience feeling prepared well feeling accomplishment,1
I think this app has the potential to be great but I can't get a free trial and I'm afraid I'm not really that into paying ¬£12.99 a month. It's a bit high to be honest. I really like the concept and would have definitely subscribed if it was cheaper but I can't justify the price. Shame.,think app potential great cant get free trial im afraid im really paying 1299 month bit high honest really like concept would definitely subscribed cheaper cant justify price shame,1
"I love the app so far except one BIG thing! Access to my own personal data! Once I logged things, everything that is in the past is locked behind a paywall! I understand locking the future days behind a paywall but it shouldn't be the case with what I have personally written!! I want my notes back!",love app far except one big thing access personal data logged thing everything past locked behind paywall understand locking future day behind paywall shouldnt case personally written want note back,1
"I paid the $75 upfront instead of the subscription, because I hate having subscriptions. Anyway though, it's definitely worth it. It's the first time I've actually kept up with updating a self help app. It's easy to use and I like the tracking. Would recommend.",paid 75 upfront instead subscription hate subscription anyway though definitely worth first time ive actually kept updating self help app easy use like tracking would recommend,1
I haven't had the chance to really explore this app because it crashed so often and I find I can't use it for the entire day. It'll crash one day and work the next which makes it very unreliable for working in long term plans and self improvement.,havent chance really explore app crashed often find cant use entire day itll crash one day work next make unreliable working long term plan self improvement,1
"would be great but had to get rid of it. it does not stop sending notifications! I get them all through the day at work and non stop at home, I sometimes get a notification from the app followed immediately by an email from it saying the same thing",would great get rid stop sending notification get day work non stop home sometimes get notification app followed immediately email saying thing,1
"After the intro, it wouldn't let me get past the Premium subscription window. No matter how much I press the X button, or restart it, I still cannot get past it. I mean, I will not pay money first BEFORE i even get to see what the app is about. So, sorry. Uninstalling.",intro wouldnt let get past premium subscription window matter much press x button restart still cannot get past mean pay money first even get see app sorry uninstalling,1
"cool concept but way too pushy with the over priced ""premium account"". All of the somewhat cool goals/resources are locked unless you want to pay a ridiculous amount of money for an app. it's a cool idea but unless you plan to fork out money it's a waste of space app.",cool concept way pushy priced premium account somewhat cool goalsresources locked unless want pay ridiculous amount money app cool idea unless plan fork money waste space app,1
"None of the plans or goals seemed very targeted, all very vague life style magazine like. The better ones seem all premium. UI is pretty but poorly thought out and likely hasn't been tested outside of the dev team as it's very unintuative in places",none plan goal seemed targeted vague life style magazine like better one seem premium ui pretty poorly thought likely hasnt tested outside dev team unintuative place,1
"Full of grammatical errors, run-on sentences, and spelling mistakes. I was too distracted by it to get much out of the app. I think the app has potential and may be on to something, but the many errors makes one question the credibility of the authors.",full grammatical error runon sentence spelling mistake distracted get much app think app potential may something many error make one question credibility author,1
"Edit: Was finally able to get into the app, not to try it out üòä Is this a premium only app? I can't get past the beginning screen that prompts you to buy the premium, extremely annoying. When I try and hit the X to get out it doesn't work, and even when I hit the buy button it doesn't work and I'm just stuck on that Damn screen.",edit finally able get app try premium app cant get past beginning screen prompt buy premium extremely annoying try hit x get doesnt work even hit buy button doesnt work im stuck damn screen,1
"Great app, the concept of converting goals to to-do lists is amazing, but it bugs a lot. Often changes and entries don't show until I close and reopen the app. Subscription keeps getting cancelled.",great app concept converting goal todo list amazing bug lot often change entry dont show close reopen app subscription keep getting cancelled,1
"it's been wonderfully helpful but the widget has been on the fritz lately. Ended up just uninstalling it and simply using the app. Hope they fix it soon, it's been a life saver! Update: contacted as requested. No reply and no improvement in the widget.",wonderfully helpful widget fritz lately ended uninstalling simply using app hope fix soon life saver update contacted requested reply improvement widget,1
"Used to like this app very much but now it stucks in a white blank page saying ""Remente cannot run without an up-to-date version of google play services."" I Googled it and fixed this issue by clearing play services cache and storage data. But after a week..here we go again and this method is not working for me anymore.",used like app much stucks white blank page saying remente cannot run without uptodate version google play service googled fixed issue clearing play service cache storage data weekhere go method working anymore,1
"In more recent times, Remente keeps stopping as soon as I try to open it. This makes it unusable unless the app is reinstalled, but even then this keeps happening and I end up having to reinstall it again. It's a good app, but only when you can actually use it. Deveopers, please do something about this.",recent time remente keep stopping soon try open make unusable unless app reinstalled even keep happening end reinstall good app actually use deveopers please something,1
"I actually really enjoy this app. I look forward to using this app. I just wish it was a bit cheaper to access the premium, because I sooooo would buy it. And more free resources for finances as well. This is the best self growth/development app I have tried so far (and I have tried many!!!!) This is the only one I have stuck to for more than a week!!!",actually really enjoy app look forward using app wish bit cheaper access premium sooooo would buy free resource finance well best self growthdevelopment app tried far tried many one stuck week,1
"BE OPEN ABOUT PREMIUM. There's no free (or obviously free) content. It's premium only. Some of the app's content is very basic and involves downloading other apps. (e.g download a walking app, walk x amount of steps.) Could be a lot better for something that boasts to be made/designed/influenced by professionals. Please delete my information from your system in order with the GDPR",open premium there free obviously free content premium apps content basic involves downloading apps eg download walking app walk x amount step could lot better something boast madedesignedinfluenced professional please delete information system order gdpr,1
"READ BEFORE INSTALLING-This app is just ridiculously poor. even the app in its self everytime I press on the app or press ''open'' on google play store once it's installed, it would first of all say ''Remente can not open'' then there would be the choice of reopening so of course thats what I press. Then something pops up onto my screen saying ''Remente can not open please close app'' I don't know if this is just to do with 'my' device or the app but i'd really like if this could stop..",read installingthis app ridiculously poor even app self everytime press app press open google play store installed would first say remente open would choice reopening course thats press something pop onto screen saying remente open please close app dont know device app id really like could stop,1
"Not enough free items. I wouldn't mind having ads so I can see which tasks I completed yesterday. Also, it would be good to access a list of articles I haven't finished reading. I'm enjoying using in though.",enough free item wouldnt mind ad see task completed yesterday also would good access list article havent finished reading im enjoying using though,1
"Useful things on here, most of which are behind an astronomically high paywall. $250 to be able to see what I did yesterday? You mean I get to be charged that much to view information I ALREADY entered into the app? No ability to plan things on a monthly schedule, options are only up to a week, with or without a huge paywall. I think I'll pass.",useful thing behind astronomically high paywall 250 able see yesterday mean get charged much view information already entered app ability plan thing monthly schedule option week without huge paywall think ill pas,1
"I really like the app so far, but of course they are already asking for money after barely being able to do anything. it's a shame because if apps like this were for free, people would be able to work on mental health issues while being stuck at home during COVID. I have no job and no insurance so I can't even seek help if I wanted to.",really like app far course already asking money barely able anything shame apps like free people would able work mental health issue stuck home covid job insurance cant even seek help wanted,1
"This is a great app, it looks good but because so many things are in the premium thing, I won't be able to enjoy it very much. Especially the Goals part, that was something I was looking forward to and the mainly reason why I downloaded this app. Wanted to try the 7 days free but if I did, I knew I would want to subscribe, but that's something I can't do at the moment... I'm an high school student, so, yeah.",great app look good many thing premium thing wont able enjoy much especially goal part something looking forward mainly reason downloaded app wanted try 7 day free knew would want subscribe thats something cant moment im high school student yeah,1
Descent app. UI extremely clunky and cluttered. The unlock price is outrageous. The subscription hustle is the new dope trade peddling. I've tried similar apps and preferred Inpowr. Much cleaner UI. Straight forward. Clear ratings of your standings. Clear goals for improvemen. Check Inpowr app out vs This crud,descent app ui extremely clunky cluttered unlock price outrageous subscription hustle new dope trade peddling ive tried similar apps preferred inpowr much cleaner ui straight forward clear rating standing clear goal improvemen check inpowr app v crud,1
"I used to be able to write free-form journal entries. Where did those go? I can still go back and see the old entries, but the ability to write new journal entries (without first entering mood tracking) seems to have disappeared. What gives? Edit: it's back! Thank you",used able write freeform journal entry go still go back see old entry ability write new journal entry without first entering mood tracking seems disappeared give edit back thank,1
I have downloaded this app just 2 days ago. I liked its idea thats why I have applied for premium subscription & completed the payment procedure yesterday. But although subscription fee has debited from my account still I haven't got any confirmation about it. It is saying that google pay hasn't some features in your area. Then why my money got debited? & the debited money is not small amount. I have mailed the customer support but haven't got any reply. Expecting the reply & the solution.,downloaded app 2 day ago liked idea thats applied premium subscription completed payment procedure yesterday although subscription fee debited account still havent got confirmation saying google pay hasnt feature area money got debited debited money small amount mailed customer support havent got reply expecting reply solution,1
"All was good until you put a paywall to access my journal, my mood from previous days. You guys are preventing me to see my own personal entries, locking them behind a premium subscription?? Are you serious? It seems that you're scraping data, monitoring moods of so many people out there for your personal benefit. To me this feels immoral. Too bad because I was just about to recommend this app to my friend.",good put paywall access journal mood previous day guy preventing see personal entry locking behind premium subscription serious seems youre scraping data monitoring mood many people personal benefit feel immoral bad recommend app friend,1
"I got the premium membership for 1 month today, to give it a try. I have tried the free version long time ago, but definitely today is when I have decided to seriously take action in my life and to do something. And since I started using this app at the beginning I thought already that this app has almost everything (for now...) to make you feel like you are being in control of your life. (I wasn't agree with the price) But now I do really recommend it because it guide you like any other app.",got premium membership 1 month today give try tried free version long time ago definitely today decided seriously take action life something since started using app beginning thought already app almost everything make feel like control life wasnt agree price really recommend guide like app,1
"Very supportive, while still leaving enough room such that you are really getting better on your own. Great design, but has some grammatical errors and typos.",supportive still leaving enough room really getting better great design grammatical error typo,1
"App itself was great but isnt working now for days, simply a blank white screen. Have uninstalled and reinstalled and restarted my phone etc multiple times but no joy. Emailed support and no reply! Is anyone able to help??? UPDATE: STILL NO RESPONSE FROM REMENTE, STILL NOT LOADING",app great isnt working day simply blank white screen uninstalled reinstalled restarted phone etc multiple time joy emailed support reply anyone able help update still response remente still loading,1
"I was very happy with the app until I decided to pay for the yearly subscription..... They took my money immediately and then ""updated my app"" to the same thing, despite having receipts via email and Google Play Subscription Manager.",happy app decided pay yearly subscription took money immediately updated app thing despite receipt via email google play subscription manager,1
Sorry but it is not free. You can set one goal. Everything else is behind the pay wall. There is no trial phase or a extreme discount like 1 dollar for the first month. I cannot test the app to buy a subscription without this. 2/5,sorry free set one goal everything else behind pay wall trial phase extreme discount like 1 dollar first month cannot test app buy subscription without 25,1
"However, the app and the content is good enough, I cannot recommend to go for premium as I miss the daily video sessions after an OS upgrade (Android 11 on S10e). Even disappointing that Remente Support does not answer on my claims in the last months.",however app content good enough cannot recommend go premium miss daily video session o upgrade android 11 s10e even disappointing remente support answer claim last month,1
"I liked remente very much, but it no longer allows me to access it and shows this message ((remente cannot run without an up-to-date version of googlepaly services)) while I have the latest update of remente from google play. I downloaded .",liked remente much longer allows access show message remente cannot run without uptodate version googlepaly service latest update remente google play downloaded,1
Great way to track. Have to pick mood before typing as I can't shut the keyboard and it blocks choices. But premise and workflow are solid.,great way track pick mood typing cant shut keyboard block choice premise workflow solid,1
"It wasn't very long at all (within hours) of posting my review before support responded asking me to email them. I did so with a bit of reserve, having already been in contact with paypal (showed no concern and very short) and google and (has yet to respond) neither helpful at all. I had a response within the hour and a refund to my account within 2. I am so very grateful for Andreas - Remente Support for seeing the urgency of the situation and fixing immediately ****update**** Canceled the app a year ago and thought nothing more of it until blindsided with $50.28 GONE from my account that was sent to me for food during a global pandemic since being ordered to stay home when the restaurant I am a server at reduced hours to nothing. GIVE THE MONEY YOU TOOK BACK!!!",wasnt long within hour posting review support responded asking email bit reserve already contact paypal showed concern short google yet respond neither helpful response within hour refund account within 2 grateful andreas remente support seeing urgency situation fixing immediately update canceled app year ago thought nothing blindsided 5028 gone account sent food global pandemic since ordered stay home restaurant server reduced hour nothing give money took back,1
"I love the app, recently l have been facing a problem while I am trying to open the app. It give me a message: can't be run without an up-to-date version of google play service. When i open google play it is the last version avaliable in the store. Can you determine the version number of google service I need for the app. Thanks",love app recently l facing problem trying open app give message cant run without uptodate version google play service open google play last version avaliable store determine version number google service need app thanks,1
The only black spot is the user can't link the goals with the life wheel. It could be more meaningful if each goal had a specific purpose in the wheel.,black spot user cant link goal life wheel could meaningful goal specific purpose wheel,1
"I love it, it is exactly what I needed. however it makes me discouraged that you have to pay for so many courses. i won't be able to get premium. So im anxious that I won't be able to utilize what I need and it will be frustrating to have to lose what works for you.",love exactly needed however make discouraged pay many course wont able get premium im anxious wont able utilize need frustrating lose work,1
Doesn't say anywhere (that I could see) before downing that this app isn't free. It annoyes me that you always need to get the credit card information before you've even tried the free trial.,doesnt say anywhere could see downing app isnt free annoyes always need get credit card information youve even tried free trial,1
"Would like something like this to be a paid app instead of forcing me to make an account before telling me that I have to pay an absurd amount of money (whilst paying is to be expected for good services, they ask you to pay min. 60$ to max. 365$ depending on your plan) when I don't even know if it will even work for me. The satisfied customer review saying ""I'm a real person and this works"" doesn't exactly convince me and nobody should settle for trusting such a bot-like review. Sketchy af tbh.",would like something like paid app instead forcing make account telling pay absurd amount money whilst paying expected good service ask pay min 60 max 365 depending plan dont even know even work satisfied customer review saying im real person work doesnt exactly convince nobody settle trusting botlike review sketchy af tbh,1
It takes too long to load it gets me frustrated I would really like to try but every time I enter my info and submit it takes a while to load and I give up because I have other things to do,take long load get frustrated would really like try every time enter info submit take load give thing,1
I love this app but it hasn't worked since it updated on my phone recently. I just get a white screen when trying to open it. I have uninstalled and reinstalled and it doesn't help. üòû,love app hasnt worked since updated phone recently get white screen trying open uninstalled reinstalled doesnt help,1
"Edit: I did love it, it's now displaying the goals I've created in the wrong order. It's fine for a few days and then they're out of sync. I wish I could get a refund. It's gone from helping me to stressing me out.",edit love displaying goal ive created wrong order fine day theyre sync wish could get refund gone helping stressing,1
like it very much. step by step teaching and training. i can create my own goals snd my own tactics. excellent.,like much step step teaching training create goal snd tactic excellent,1
"I can't even sign up. I either get ""it seems like your device is offline"" - which of course isn't true- or ""unknown error occurred"" :(",cant even sign either get seems like device offline course isnt true unknown error occurred,1
Did it always have that owl sound when sending notifications? I have heard it twice without knowing where it was coming from and freaked out. It's ominous.,always owl sound sending notification heard twice without knowing coming freaked ominous,1
Worthless Premium prices are ridiculous and free features are non existent. The app tries to sell a curated version of WikiHow with prices of a personal coach. Good for oil barons who are too dumb to write a to-do list for themselves or use Google to find articles on how to stop eating sugar.,worthless premium price ridiculous free feature non existent app try sell curated version wikihow price personal coach good oil baron dumb write todo list use google find article stop eating sugar,1
"I tried to log in for 20 minutes and it still doesn't work. Please, fix it! Edit: i installed it back after 6 months and logging in works now",tried log 20 minute still doesnt work please fix edit installed back 6 month logging work,1
thanks alot.. please add font size option to the app.. to choose the appropriate interface we use.. cause the font small.. and that direct me to leave the app üôèüå∑,thanks alot please add font size option app choose appropriate interface use cause font small direct leave app,1
The app was perfect at first until the widget stopped showing my task list.It would just become blank.The problem persisted even after reinstalling it multiple times.,app perfect first widget stopped showing task listit would become blankthe problem persisted even reinstalling multiple time,1
"I cant get past the 3ed page I've tried swiping uninstall and reinstalling it resting my phone I rly wanted this app but once I logged in I couldn't get past the 3ed page of ""lifes beautiful when you know were your going""",cant get past 3ed page ive tried swiping uninstall reinstalling resting phone rly wanted app logged couldnt get past 3ed page life beautiful know going,1
Was a 5 star. Then they started spamming me for an upgrade every 2 seconds. Make a lite version and leave me alone damn.,5 star started spamming upgrade every 2 second make lite version leave alone damn,1
"Can you please allow shrinking widgets? There's so much extra space around the day plan, and it's a simple list there's no reason it shouldn't be allowed smaller",please allow shrinking widget there much extra space around day plan simple list there reason shouldnt allowed smaller,1
$43 per year? Really??? I'M tired of overpriced GPS APPS. I DO NOT RECOMMEND DUE TO THE HIGH ANNUAL COST.,43 per year really im tired overpriced gps apps recommend due high annual cost,1
Would be a 5 if the journal feature was a real journal. Could you guys add a bullet journal feature?,would 5 journal feature real journal could guy add bullet journal feature,1
The articles set out as Resources are very helpful. For me at least.,article set resource helpful least,1
Just installed and attempted to make a profile. It's been glitchy and hasn't let me get past this point,installed attempted make profile glitchy hasnt let get past point,1
(Edit) Wow. Really quick response. Gotta hand it to you guys. You really work round the clock.,edit wow really quick response gotta hand guy really work round clock,1
Practically useless if you don't give them money. The second I tried to do anything past their assessment (Which tells you nothing) it makes you pay to even choose something to work on. Not at all worth it,practically useless dont give money second tried anything past assessment tell nothing make pay even choose something work worth,1
Really good but would like option of goal icons & color choice.,really good would like option goal icon color choice,1
Could use some more tools and to helping and more variety of options to help,could use tool helping variety option help,1
Saves me o lot of time off multi paper lists flying everywhere!,save lot time multi paper list flying everywhere,1
It has made me feel like I am being heard when I need help even when others wont listen and has shown me my own improvements and what I need to work on.,made feel like heard need help even others wont listen shown improvement need work,1
Just getting my feet wet but I am super excited and optomistic about this program.,getting foot wet super excited optomistic program,1
Doesn't have the mountain with flags representing your goals anymore.,doesnt mountain flag representing goal anymore,1
I like it so far but idk if I should be doing 5 dollars a month ATM. I know I can do it but I need to save money,like far idk 5 dollar month atm know need save money,1
i am not okay with your privacy policy. It pains me to see 1M people downloading this app and consenting to their data PLUS their contacts data being used for profiling and marketing... please read the privacy policy before giving consent yall...,okay privacy policy pain see 1m people downloading app consenting data plus contact data used profiling marketing please read privacy policy giving consent yall,1
"Just started but really like it so far, starting a new chapter in life",started really like far starting new chapter life,1
the newest update won't let me journal the way i want.,newest update wont let journal way want,1
This is a wonderful way to end my day. Fully deserving of the five star review I'm leaving here.,wonderful way end day fully deserving five star review im leaving,1
Please provide an option to remove quotes about god. They are more discouraging than encouraging to some.,please provide option remove quote god discouraging encouraging,1
Wish I could silence the owl noise!,wish could silence owl noise,1
"Great way to set goals and stay on track! I really wish that there wasn't as much of the app locked behind premium. other than that, you can plan your current day, set goals, read certain resourse lessons, and select certain preset goals already made on the app. You can also rate the balance of different aspects in your life to help you see which ones need work. There is so much more you can do with this app if you have the money for premium.",great way set goal stay track really wish wasnt much app locked behind premium plan current day set goal read certain resourse lesson select certain preset goal already made app also rate balance different aspect life help see one need work much app money premium,0
"I have tried and tried again to find a way to get back on track after a very long, MDD episode (clinical Major Depressive Disorder)... And I found this app, this amazing app! I paid for the premium after the first month of usage; yes, I feel that it is worth it for all that it does actually do. However, I still feel it is just a little bit more expensive then I would like. But again, for all that it does and what you can learn, what you can enact within your daily life, and all that you can do throughout the programs and courses... I pretty much will keep paying the monthly charge until I can truly invest in myself fully! Sadly, I stopped taking proper care of myself for that one month I had already paid for, but I can honestly say, that it's on me and that I wasn't very active, let alone BE proactive, during my really tough times. The point of this long-winded journey is, is that this app is totally worth it for free and the premium version definitely has a lot more programs to help you better yourself. I wouldn't pay for the premium until you were sure you were ready to ""be about it, not talk about it..."" In other words, unless you are absolutely sure that you are truly ready for your own, mostly customizable, journey inwards with yourself and ready to take your life back, hold off paying for the premium version. Because, if you're not ready to do the work, then that monthly, yearly, lifetime subscription will not be worth a single penny. But, please do actually give this a 100% true try and see results in yourself (and even those around you) that perhaps you haven't seen in quite some time. Aannnddd, one more thing.... Absolutely do enjoy yourself while changing, altering, and taking back control of your own life, once and for all! Hint: For this app to truly work for you, you must truly put in a lot of hard work for yourself... And if this is what you've been looking for, then you totally deserve the outcome that will come with hard work and a giant pay-off! Try it, what could you possibly have to lose?",tried tried find way get back track long mdd episode clinical major depressive disorder found app amazing app paid premium first month usage yes feel worth actually however still feel little bit expensive would like learn enact within daily life throughout program course pretty much keep paying monthly charge truly invest fully sadly stopped taking proper care one month already paid honestly say wasnt active let alone proactive really tough time point longwinded journey app totally worth free premium version definitely lot program help better wouldnt pay premium sure ready talk word unless absolutely sure truly ready mostly customizable journey inwards ready take life back hold paying premium version youre ready work monthly yearly lifetime subscription worth single penny please actually give 100 true try see result even around perhaps havent seen quite time aannnddd one thing absolutely enjoy changing altering taking back control life hint app truly work must truly put lot hard work youve looking totally deserve outcome come hard work giant payoff try could possibly lose,0
"I really like this app. I like how customizable it is. You can create your own goals using your own pictures. It breaks down goals into small steps, making bigger goals seem more achievable. I took off 1 star just because the cost of premium is a lot. I would pay that for lifetime use, but not per year. I don't think I'll renew premium next year unless it's half the price. I also wish there were more boosts and courses and maybe connect to other wellness apps, like Myfitnesspal or Google Fit.",really like app like customizable create goal using picture break goal small step making bigger goal seem achievable took 1 star cost premium lot would pay lifetime use per year dont think ill renew premium next year unless half price also wish boost course maybe connect wellness apps like myfitnesspal google fit,0
"I've tried a heck of a lot of apps. None have ever come close to this app. Simple, intuitive, powerful. Tracking that isn't overbearing. It has a calendar but it isn't just trying to become a newer, worse version of Google calendar like so many other ""productivity"" apps. This app really isn't about the tasks. It's about being your best self, an integration of mindfulness and task management that hits all the right spots for me. I'm so impressed.",ive tried heck lot apps none ever come close app simple intuitive powerful tracking isnt overbearing calendar isnt trying become newer worse version google calendar like many productivity apps app really isnt task best self integration mindfulness task management hit right spot im impressed,0
"I've used Remente for a few years now and it's been the best app I've downloaded. It's one of the few apps I transfer from cellphone to cellphone. I found this gem while looking for goal setting/accountability apps and I've not been disappointed. There are built-in goals designed for the more common or popular requests, such as finances or health. You can also design your own. Remente helps break down the goal into tasks, complete with deadlines and reminders, making large goals less daunting. Small steps kept me on track this year and I am on course to achieving multiple goals by the the end of the year. I'm already considering next year! Need inspiration? The app also has videos to help you along your journey. Written and designed by professionals, the mini courses offer good advice to help achieve your goals and get things done. Better still, support staff is quick to respond with questions or issues that pop up. If you're trying to get your act together, having trouble finishing what you start, or finding a good place to start, Remente is the go-to app!",ive used remente year best app ive downloaded one apps transfer cellphone cellphone found gem looking goal settingaccountability apps ive disappointed builtin goal designed common popular request finance health also design remente help break goal task complete deadline reminder making large goal less daunting small step kept track year course achieving multiple goal end year im already considering next year need inspiration app also video help along journey written designed professional mini course offer good advice help achieve goal get thing done better still support staff quick respond question issue pop youre trying get act together trouble finishing start finding good place start remente goto app,0
"Judging from the initial setup all the way to the vast materials offered as resources for the development and utilization of the tools necessary to complete one's goal, this app is definitely the most intriguing. Its not a simple digital notepad with a time keeper... this is an INTEGRAL APPROACH in Action. The app has It works with the user by providing a step by step guide as to how a particular goal may generally appear to someone who is proficient in creating them.",judging initial setup way vast material offered resource development utilization tool necessary complete one goal app definitely intriguing simple digital notepad time keeper integral approach action app work user providing step step guide particular goal may generally appear someone proficient creating,0
"For the most part I really like this app. I don't mind paying for a yearly subscription because it's only a little more than what I would spend on an actual planner and it does lots more. The only requests I would have is having the ability to customize the backdrop at the beginning, but throughout use. I wanted to try the free version first to see how I like the features. Now I really enjoy it, but I would like to change the backdrop colors",part really like app dont mind paying yearly subscription little would spend actual planner lot request would ability customize backdrop beginning throughout use wanted try free version first see like feature really enjoy would like change backdrop color,0
"Update 2020/03/16: A useful feature would be the option to reset checklist items for repeating items for each new day. I have a repeating medication reminder with checklist items for each medication and the checklist items appear to be permanently checked every day. Love it! So far so good. Beautifully designed, intuitive, and useful.",update 20200316 useful feature would option reset checklist item repeating item new day repeating medication reminder checklist item medication checklist item appear permanently checked every day love far good beautifully designed intuitive useful,0
"so i decided to delete social media and at the same time, downloaded this app. it definitely helped me in the way that im wakimg up and setting my goals for the day rather than looking at social media. it also provides notifications to tell you to set your goals and provides reading material for ways to get motivated/better yourself. also makes you rate different aspects of your life and was super insightful. i gave it 4 stars because a lot of the good material you have to update to premium for",decided delete social medium time downloaded app definitely helped way im wakimg setting goal day rather looking social medium also provides notification tell set goal provides reading material way get motivatedbetter also make rate different aspect life super insightful gave 4 star lot good material update premium,0
"Very disappointed when i realized i cant see my past journal entries, tasks completed, and moods without purchasing a very expensive premium version. Uninstalling and going to comtinue using Daylio for mood tracking (which was only a few bucks for lifetime premium) and Day One for journaling (which is pretty awesome even without purchasing premium.)",disappointed realized cant see past journal entry task completed mood without purchasing expensive premium version uninstalling going comtinue using daylio mood tracking buck lifetime premium day one journaling pretty awesome even without purchasing premium,0
"I love this app! It allows me to do so many things in one app instesd of having a bunch of different ones. This is my journal, mood tracker, goal & habit tracker, self-improvement app all in one! Right now I just have the free version, I want to upgrade to premium, I just wish it was more affordable. The price is the only thing stopping me from getting Premium, it is financially out of reach for me right now but I hope to get it soon!",love app allows many thing one app instesd bunch different one journal mood tracker goal habit tracker selfimprovement app one right free version want upgrade premium wish affordable price thing stopping getting premium financially reach right hope get soon,0
"I paid the lifetime subscription fee, which at the time was 50% off. It came to $75 and I'd say money well spent. I'd say I'm still getting into it but the goals have so many tasks related to them, I feel like it's working to become habit and the lesson transcends the app. The journal function is stupid unless you pay, because otherwise you wont be able to see your past journal entries. The purpose of writing is to read lol. Nevertheless, this (paid) app has helped me improve my life.",paid lifetime subscription fee time 50 came 75 id say money well spent id say im still getting goal many task related feel like working become habit lesson transcends app journal function stupid unless pay otherwise wont able see past journal entry purpose writing read lol nevertheless paid app helped improve life,0
Your app is great thanks a lot! It's helped me start on projects by breaking them down into baby steps! Making the completion of them a domino effect. Some ideas to make the app even better; 1. If I could take my own created goals and save them to the app for future use. Create an icon for that goal on the Goals page. That way I could accept my goal again without having to write the steps all over again.,app great thanks lot helped start project breaking baby step making completion domino effect idea make app even better 1 could take created goal save app future use create icon goal goal page way could accept goal without write step,0
"I'm really loving the premium so far! It's been really nice to set out my tasks for the next few days ahead of time. In addition, the notifications are good reminders to check in and give a general feedback of how I've been doing. The way that the app allows you to track your progress on a variety of categories is also a really refreshing feature to have. I would love to see more courses and premade goals around becoming more emotionally mature and building community.",im really loving premium far really nice set task next day ahead time addition notification good reminder check give general feedback ive way app allows track progress variety category also really refreshing feature would love see course premade goal around becoming emotionally mature building community,0
Love it! One suggestion I have is to sync the Goals to the Life Balance chart. It'd be more helpful if the Life Balance chart would fill in the life categories automatically every time I checked off a to-do item in the Day Plan or completed a Goal (vs having to update the Life Balance chart manually and subjectively).,love one suggestion sync goal life balance chart itd helpful life balance chart would fill life category automatically every time checked todo item day plan completed goal v update life balance chart manually subjectively,0
"I have tried literally every goal/motivation tracker app known to mankind and this is the only one I've been able to stick with. The people behind Remente seem like they genuinely care about your well-being, and the daily goals are small enough to motivate you to complete them, but important enough that they genuinely help you reach your end goals. The journal and mood tracker is also one of my favorite features and helps me stay mindful of how I'm feeling everyday. Super great app!",tried literally every goalmotivation tracker app known mankind one ive able stick people behind remente seem like genuinely care wellbeing daily goal small enough motivate complete important enough genuinely help reach end goal journal mood tracker also one favorite feature help stay mindful im feeling everyday super great app,0
"i kinda like the concept of this whole app, kinda flexible, the closest to what im looking for so far. good graphic, simple, just nice i would say, but it couldve been great w just a lil' improvement. i hope the developer can include like an alarm setting choices for the task reminder part. And i dont know if it's my phone problem or what but the reminder only works online, so yeah, it's such a bummer i would say. üòÖ",kinda like concept whole app kinda flexible closest im looking far good graphic simple nice would say couldve great w lil improvement hope developer include like alarm setting choice task reminder part dont know phone problem reminder work online yeah bummer would say,0
"Only had it for a few days but so far I'm very impressed. Easiest to use life planning/To-do-List app by far. Yes, you really need a subscription to be able to use it in earnest, but the annual subscription really is acceptable for a tool this useful (at least at the current discounted rate - developers take note!) Easy to add tasks and move them around, and thanks to its ease of use I sense it is actually helping me to get my life in order compared with other more frustrating alternatives",day far im impressed easiest use life planningtodolist app far yes really need subscription able use earnest annual subscription really acceptable tool useful least current discounted rate developer take note easy add task move around thanks ease use sense actually helping get life order compared frustrating alternative,0
"I'm finding the app very useful. Would prefer the journal part to be separate from rest of things. The layout isn't great, a little muddled imo, but ok. All in all a good well thought out app. The advice is helpful an to the point. I have ordered a tablet especially to use this app as I find it's rather small on my phone and not best layout. It's pricey, but hopefully will look better when my tablet arrives. The videos are helpful. I'd like to see more of these.I hope there's new things added.",im finding app useful would prefer journal part separate rest thing layout isnt great little muddled imo ok good well thought app advice helpful point ordered tablet especially use app find rather small phone best layout pricey hopefully look better tablet arrives video helpful id like see thesei hope there new thing added,0
There are many great things about this app and I can see myself using it for a long time. There are also some critical negatives however: 1. Photos added to journal crop to landscape without any ability to adjust. Photos are therefore worthless. 2. The web app doesn't allow mood journal entries and dragging is dysfunctional. 3. Dragging and deleting is not intuitive in both apps. 4. Navigating around can be tiresome. 5. The 'I'm feeling...' choice descriptions could be increased further.,many great thing app see using long time also critical negative however 1 photo added journal crop landscape without ability adjust photo therefore worthless 2 web app doesnt allow mood journal entry dragging dysfunctional 3 dragging deleting intuitive apps 4 navigating around tiresome 5 im feeling choice description could increased,0
"It's ok but a bit disappointing. The audio clips are read by a screen reader (or someone who sounds like one) and includes headings and other distracting elements of text you would not expect. Lack of integration: the to-do list would be so much more effective if it integrated with Google Tasks, and if the app asks you to make a choice about the life wheel then the least it could do is remember that choice for you.",ok bit disappointing audio clip read screen reader someone sound like one includes heading distracting element text would expect lack integration todo list would much effective integrated google task app asks make choice life wheel least could remember choice,0
"I don't use it much, although I should! But I love the design of the app, the fact that you can track your mood each day and note down a few words about how you feel are great ways to know yourself better, see how you react on different situations and WHY you react like so, because you have to write down WHY you feel the way you feel... Then for each goal you can create small steps to follow, as well as having a journal for each goal is extremely important to me. It hekps keep track with progress and I love it! And then it's the courses section that is very helpful. Many of them are locked for the premium version, but there are few interesting ones that are free. Thank you, Remente!",dont use much although love design app fact track mood day note word feel great way know better see react different situation react like write feel way feel goal create small step follow well journal goal extremely important hekps keep track progress love course section helpful many locked premium version interesting one free thank remente,0
"I really like the look and feel of the application. You're able to set goals and set steps within the goals in a visually appealing user interface. Without the paid version yoi have to be sure to tick off your tasks before you go to bed, if you don't it records that you haven't achieved your step and you can't go back to yesterdays and tick off what you did. This has happened to me 3 times in the 5 days that I've been using the application which has skewed my stats.",really like look feel application youre able set goal set step within goal visually appealing user interface without paid version yoi sure tick task go bed dont record havent achieved step cant go back yesterday tick happened 3 time 5 day ive using application skewed stats,0
"I have a suggestion for the next update: allow us to change the background of each of the to-do's in the daily task list. This would allow us to further organize that list by separating the tasks into categories (colors, that is). I bought the premium version of the app and I feel that this is the only thing that is really lacking, so I'm counting on you to make this app an even more efficient life-savior!! Have a nice day",suggestion next update allow u change background todos daily task list would allow u organize list separating task category color bought premium version app feel thing really lacking im counting make app even efficient lifesavior nice day,0
"Tried it out pro-version but tbh, it's very generic and not personal at all. The images seem like they are creative commons photos, no nice well-thought of ui/ux design, it would look more appealing with digital art pictures drawn by a real human. Content wise, the guided sessions made me roll my eyes and turn it off after seconds. Searching for terms like ""inner child"", ""shadow work"" and ""inner critic"" didn't bring up anything at all, which is the root cause to anyone's anxiety so it's weird.",tried proversion tbh generic personal image seem like creative common photo nice wellthought uiux design would look appealing digital art picture drawn real human content wise guided session made roll eye turn second searching term like inner child shadow work inner critic didnt bring anything root cause anyones anxiety weird,0
"EDIT: Deduced two stars for blocking seeing of past history of own data. Subscription is reasonable for extra content, not for user data. Would be happy to pay one time single digit dollars for that, not recurring yearly subscription. Could you please add dark mode please, at least for widgets? Also, why isn't there a daily gratitude practice as a part of the journaling?",edit deduced two star blocking seeing past history data subscription reasonable extra content user data would happy pay one time single digit dollar recurring yearly subscription could please add dark mode please least widget also isnt daily gratitude practice part journaling,0
"What might not be obvious at first glance is how adaptable this app is. That's why I love it. I've set up the goals for instance so that everytime I complete one I rename it to ""level 2"" etc.. (basically gamifying the important things I want to accomplish) and the web app is really good for a top down view of where you're at.",might obvious first glance adaptable app thats love ive set goal instance everytime complete one rename level 2 etc basically gamifying important thing want accomplish web app really good top view youre,0
"After using this app for just over a month, I decided to buy the premium version yesterday! I had tried many different apps like this in the past but this is the only one that had the wheel of life structure I have been following on a notebook. This app makes it so easy and convenient plan my day on the go and has such great resources and courses. If there's anything I'd like you to change, it's being able to add tasks under each section in Access Life related to each focus.",using app month decided buy premium version yesterday tried many different apps like past one wheel life structure following notebook app make easy convenient plan day go great resource course there anything id like change able add task section access life related focus,0
"The web version can get much better, but the mobile app is quite good. A bit more of goal categories and routine management similar to that Fabulous app. That should move it up to 5 stars for me. Update: I've since moved from Success Wizard to using Remente and I honestly think there's nothing better out there. A Google calendar intergration for tasks would be highly appreciated.",web version get much better mobile app quite good bit goal category routine management similar fabulous app move 5 star update ive since moved success wizard using remente honestly think there nothing better google calendar intergration task would highly appreciated,0
I really loved the app. It's organized and I can track all my goals in one place with all the steps and details. The courses are also helpful. The only thing I didn't like about it is that I need to pay for some courses and also to see what I have been doing so far. I understand that some courses are not free but I want to be able to see what I did yesterday and what I'm going to do tomorrow or the day after. The app doesn't let me see or organize past/future daily plans. I just wish that maybe you can make that free. It would be great that way.,really loved app organized track goal one place step detail course also helpful thing didnt like need pay course also see far understand course free want able see yesterday im going tomorrow day app doesnt let see organize pastfuture daily plan wish maybe make free would great way,0
"The most important part of journalling for me is the opportinity to reflect. Micro-journalling with Remente is a low-friction way to get a lot of the value from journalling, in a lot less time. I've been able to make some positive changes using the analytics tools Remente provides during the COVID-19 lockdown. These sorts of apps make the world better. Fantastic work to everyone who works on this. You're all doing a great, great job. I hope you all continue to succeed :)",important part journalling opportinity reflect microjournalling remente lowfriction way get lot value journalling lot less time ive able make positive change using analytics tool remente provides covid19 lockdown sort apps make world better fantastic work everyone work youre great great job hope continue succeed,0
"I like the concept for this app but sadly, the widget doesn't function like how I wanted to. It would be great if we can complete the goal by clicking the widget. I also cant seem to open the app by clicking the widget. The widget is useless so far... i'd really love it if you'd fix it! But overall, great app!",like concept app sadly widget doesnt function like wanted would great complete goal clicking widget also cant seem open app clicking widget widget useless far id really love youd fix overall great app,0
"I'd like to be able to split tasks into sub tasks, not just goals. Maybe even a percentage indicator to see a. how well I completed tasks on a daily basis and b. the extent to which I complete the master task. Really good app nevertheless, I appreciate no ads in the free version and the level of functionality you receive before you hit a paywall is perfectly acceptable. You dont feel like you have a half-baked app like many other self improvement apps on the free/trial version.",id like able split task sub task goal maybe even percentage indicator see well completed task daily basis b extent complete master task really good app nevertheless appreciate ad free version level functionality receive hit paywall perfectly acceptable dont feel like halfbaked app like many self improvement apps freetrial version,0
"It's a wonderful app for personal goals management. Not giving 5 üåü due to following reasons: - Not able to add tasks with the recurring interval of more than a week. For example, I need to set some review monthly. - Cannot add labels to the tasks though which I can filter. I want to add lifestyles as labels. For example I can have tasks regarding fitness in multiple goals, would want to know, what all am I doing for fitness and where I'm. - There's no way to add sub tasks.",wonderful app personal goal management giving 5 due following reason able add task recurring interval week example need set review monthly cannot add label task though filter want add lifestyle label example task regarding fitness multiple goal would want know fitness im there way add sub task,0
"I like it cause I want to feel productive but I can't really do much since my classes hasn't started. So I like having little tasks throughout the day. I like the ""how do you feel today"" feature. I just wished they added more courses for free. The goal feature is good. Oh yeah, they give you courses to read/listen to (How to eat less sugar, how to stop worrying, etc.)",like cause want feel productive cant really much since class hasnt started like little task throughout day like feel today feature wished added course free goal feature good oh yeah give course readlisten eat less sugar stop worrying etc,0
"It has helped me a lot ( based on my past 4 months of usage) . I always have my day plan in front of me which helps me know when I'm wasting my time based on how much I've covered in the day. Mood tracker helps me maintain a mood-log that helps me analyse how I've been throughout the day emotionally. Having these things in front of your eyes is really essential, so that you can actively make your day better. UI is easy and intuitive to use which is a bonus. Keep it up üòÑ",helped lot based past 4 month usage always day plan front help know im wasting time based much ive covered day mood tracker help maintain moodlog help analyse ive throughout day emotionally thing front eye really essential actively make day better ui easy intuitive use bonus keep,0
"I WAS really enjoying the app, but then today, some of the tasks I had set to appear on sundays using the goals feature didn't show up... the whole point of me going through all the effort to assign certain tasks to certain days was so that I wouldn't have to remember what needed to be done each day; I'd just be able to do it. But now I'm going to be paranoid and have to double check that nothing is missing each day. I use the app for my work so it's very important that nothing gets missed",really enjoying app today task set appear sunday using goal feature didnt show whole point going effort assign certain task certain day wouldnt remember needed done day id able im going paranoid double check nothing missing day use app work important nothing get missed,0
"It takes more than just a list of to-dos to really see your life get better in every area. This app is so essential to me, so helpful in not only laying out a plan, but also in finding the reason for the plan and help with the how. If you like yoga, you'll like this. And if you like the idea of living a balanced life, remembering to love people in the midst of other goals, you'll like this.",take list todos really see life get better every area app essential helpful laying plan also finding reason plan help like yoga youll like like idea living balanced life remembering love people midst goal youll like,0
This app is great and the support team is fast and friendly and I'm having a bit of trouble finding the right course for me but I just downloaded it recently and there are thousands of courses so I'm sure I'll find something. I kind of wish they had courses for specific mental illnesses like depression anxiety and eating disorders though but that's the only really thing I can think of at the moment that I'd change.,app great support team fast friendly im bit trouble finding right course downloaded recently thousand course im sure ill find something kind wish course specific mental illness like depression anxiety eating disorder though thats really thing think moment id change,0
"The app has good content but could improve the ff: 1. Custom goals could also be categorized per life area and linked back to life assessment. 2. Tasks, habits, and milestones help achieve goals. I hope we can categorize these ""steps"" and have nuanced tracking functions and analytics. 3. The app functions as a good journal. Please make it easier to review entries by adding hashtags or categories. 4. Add photo database. 5. Add auto back-up function.",app good content could improve ff 1 custom goal could also categorized per life area linked back life assessment 2 task habit milestone help achieve goal hope categorize step nuanced tracking function analytics 3 app function good journal please make easier review entry adding hashtags category 4 add photo database 5 add auto backup function,0
"I love this app!!!! I get to plan my day out,and at night it gives me reminders to tell the app how my day was. you get about five choices on how you feel. Based sad to happy. Then you also get to pick more choices on how you feel. Like you could say your stressed,tired,lonely on the negative side or happy,positive,calm etc. on the positive side. It gives you courses to go though to help get your life together. you can write Down your feelings like a diary.And you can set goals.I recommend it!",love app get plan day outand night give reminder tell app day get five choice feel based sad happy also get pick choice feel like could say stressedtiredlonely negative side happypositivecalm etc positive side give course go though help get life together write feeling like diaryand set goalsi recommend,0
"These past weeks I've been reviewing top-rated apps that can help against procrastination and none is perfect so I'm designing mine. Remente is definitely the one inspiring me the most, especially the rate-your-mood-and-explain-why feature. Other apps better handle to-do lists (Todoist), commitment to goals (stickK) or timing/pomodoro stuff (Productivity Challenge Timer, Forest). But what really keeps me coming back to Remente is that I'm led to input personal thoughts and that feels engaging !",past week ive reviewing toprated apps help procrastination none perfect im designing mine remente definitely one inspiring especially rateyourmoodandexplainwhy feature apps better handle todo list todoist commitment goal stickk timingpomodoro stuff productivity challenge timer forest really keep coming back remente im led input personal thought feel engaging,0
I love the visual representation and various resources that help with being balanced in every spectrum of life. It helps me put things into perspective and utilize techniques that they teach in therapy and books about anexity. 10/10 would recomend !,love visual representation various resource help balanced every spectrum life help put thing perspective utilize technique teach therapy book anexity 1010 would recomend,0
"It is definitely so much more than I thought it could be. It is very unobtrusive while still being encouraging. It is pretty easy to use and I like that there are keywords for mood logging so that you are helped along in being more specific on your mood states--I found this to be very mindful and caused me to put more thought into my feelings and the reasons behind them, as well as take time to appreciate them. Pricing is fair. May be worth upgrading even though money is tight.",definitely much thought could unobtrusive still encouraging pretty easy use like keywords mood logging helped along specific mood statesi found mindful caused put thought feeling reason behind well take time appreciate pricing fair may worth upgrading even though money tight,0
"2 years later and I'm writing a new review. The premium gets in the way, of course, and knowing you have to pay your way to good mental health is kinda wack, BUT, it is what it is, and I think the free version is wonderful. Really helping me - I even told my therapist about it. Would recommend :)",2 year later im writing new review premium get way course knowing pay way good mental health kinda wack think free version wonderful really helping even told therapist would recommend,0
"when i first started using the app i had trouble. once i used the resources my emotion changed on it. yo this is a good app. even the free version has helped me out. id suggest using the insight chart before you start journaling and creating goals. always work om your weak areas. you will never delete this app. using the insight will help you figure out why you may be feeling sad, lonely or depressed. It will show you if you really want friends and a social life. maybe you want to be loved.",first started using app trouble used resource emotion changed yo good app even free version helped id suggest using insight chart start journaling creating goal always work om weak area never delete app using insight help figure may feeling sad lonely depressed show really want friend social life maybe want loved,0
"It gave me step by step guides and suggestions on how I could work on things to better my daily life! It broke everything down so it made it simple, easy to achieve and understand! And it was amazing to me, that it managed to pinpoint exactly what I needed with the little information I gave it. Cheers to whoever made this!",gave step step guide suggestion could work thing better daily life broke everything made simple easy achieve understand amazing managed pinpoint exactly needed little information gave cheer whoever made,0
"My life is in chaos! I know a lot of it is making bad choices. So I decided to try this app. It was a bit complicated, but once I began to understand it, the key is being able to view your past, so you could see how far you've come. That's when they spring on you the fees you have to pay for that info. In other words, they take the appearance that they care about you and the details of your life, which is a lie, they want your money! (All these apps get the money they need with all the ads).",life chaos know lot making bad choice decided try app bit complicated began understand key able view past could see far youve come thats spring fee pay info word take appearance care detail life lie want money apps get money need ad,0
"Definitely recommend it 100% for setting personal goals and helping maintain a steady emotional balance. Obviously it doesn't suit everyone's like, but for me it worked wonderful!",definitely recommend 100 setting personal goal helping maintain steady emotional balance obviously doesnt suit everyones like worked wonderful,0
Ultimately the high review comes down to the level of organization. I like that goals are separate from tasks. I particularly enjoy that you can create tasks within a goal to automatically show up for easy planning,ultimately high review come level organization like goal separate task particularly enjoy create task within goal automatically show easy planning,0
Everyday it is helping me make positive changes in my life as a better mom and role model for my girls. As long as i stick to my routines and keep putting in the effort and reminding myself of my goals as well as following my own step by step help list i know i am changing my life for the better. i even feel better about myself and more motivated than ever!,everyday helping make positive change life better mom role model girl long stick routine keep putting effort reminding goal well following step step help list know changing life better even feel better motivated ever,0
Helps keep me focused and on task. I am better able to organize my thoughts and easily prioritize daily activities as well as work on long term goals. By the end day I feel calmer and have a greater sense of having accomplished what I set out to do instead if becoming distracted and scattered.,help keep focused task better able organize thought easily prioritize daily activity well work long term goal end day feel calmer greater sense accomplished set instead becoming distracted scattered,0
there is a learning curve. i wish they had an option to input your daily schedule/tasks and it give you options to decide which automated schedule works best for you.,learning curve wish option input daily scheduletasks give option decide automated schedule work best,0
"either be more available or for Fitbit. one or the other would be amazing. this looks awesome, but essentially can't use without one or the other. üò≠üò≠",either available fitbit one would amazing look awesome essentially cant use without one,0
"I love being able to assess areas of my life and give them ratings. As well as being able to rate my mood, list reasons why I felt certain ways!",love able assess area life give rating well able rate mood list reason felt certain way,0
it does help me to focus on important areas. it also helps to teach me how to break things down to its simplest parts and grow from there.,help focus important area also help teach break thing simplest part grow,0
"its a great way to improve yourself especially when you dont know how or where to start it gives you resources ,ways, steps and alot more to get you where you want when you put in work",great way improve especially dont know start give resource way step alot get want put work,0
it's amazing love it has helped me reach and accomplish alot of things and helped me change my mood solve problems and much more made me believe in myself and be better definitely recommend I would rate it 100 percent,amazing love helped reach accomplish alot thing helped change mood solve problem much made believe better definitely recommend would rate 100 percent,0
"I find Remente to be very informative, detailed, and pleasing to the eye.",find remente informative detailed pleasing eye,0
"In two short weeks Remente has made an enormously positive impact in my life. If you are looking or, like me, needing to become a better, more conscious version of yourself, Remente is the way to go.",two short week remente made enormously positive impact life looking like needing become better conscious version remente way go,0
Wayyyyy too much going on for self improvement. I dont care about 99% of the stuff on there so it just becomes clutter,wayyyyy much going self improvement dont care 99 stuff becomes clutter,0
Remente has helped keep my goals in mind so I don't forget them. It helps me break down my goal into actionable steps.,remente helped keep goal mind dont forget help break goal actionable step,0
It's great to be able to visualize goals and breaking them into smaller steps.,great able visualize goal breaking smaller step,0
"Please make Day Plan widget more colourful themes, instead of only white colour widget, and make the words more noticeable",please make day plan widget colourful theme instead white colour widget make word noticeable,0
"It is good, in fact I managed to be happy after having different emotions because I just remembered my past and I managed to feel good.",good fact managed happy different emotion remembered past managed feel good,0
if you want to become Professional then manage the time and this is very useful for this.,want become professional manage time useful,0
It has helped me start a long overdue goal and has kept me accountable!,helped start long overdue goal kept accountable,0
"Excellent n Efficient, easy to read and understand layout üïØÔ∏èü•Äüê∫üòçüíêüòÖ",excellent n efficient easy read understand layout,0
It is So Specific In areas to set goals and understand ur inner mechanisms and it provides tools and techniques to achieve it goals. Impressed.,specific area set goal understand ur inner mechanism provides tool technique achieve goal impressed,0
It has really helped me. I dont know what else to say...it is just brillant and it has made my life much bettet,really helped dont know else sayit brillant made life much bettet,0
I honestly love it and look forward to writing in it every evening.,honestly love look forward writing every evening,0
It helps me to sort through what is important in my everyday life and focus on whats important in the moment allowing me to have more one on one time with family since I'm more productive while I'm focused.,help sort important everyday life focus whats important moment allowing one one time family since im productive im focused,0
ty for being free for the most part I received more help from the ai discussion being honest and open than I have with any other free or mostly free self help love self wisdom or whatever for helping myself thnk you to the creators of remente,ty free part received help ai discussion honest open free mostly free self help love self wisdom whatever helping thnk creator remente,0
I only use whats free and love it. It is extremely helpful in putting my life back together.,use whats free love extremely helpful putting life back together,0
absolutely outstanding content and it has truly impacted my life for the better,absolutely outstanding content truly impacted life better,0
the best course for stability and establishing a healthy life and relationships,best course stability establishing healthy life relationship,0
This has greatly influenced me and accomplishing my goals. I especially love the how are you doing portion,greatly influenced accomplishing goal especially love portion,0
I love how you can leave notes instead of just a general mood.,love leave note instead general mood,0
very useful tools if you are in a path of BHBY,useful tool path bhby,0
very reflective and supportive!,reflective supportive,0
Makes me feel alot better even when im feeling my worst. Would definitely recommend!,make feel alot better even im feeling worst would definitely recommend,0
I just love it. Helps with recurrent duties and help me knowing how far I did in my day,love help recurrent duty help knowing far day,0
love it! I have already achieved 3 major goals and it's keeping me motivated,love already achieved 3 major goal keeping motivated,0
personal growth is a way to break the cycle,personal growth way break cycle,0
It helped me so much with my stress and anxity,helped much stress anxity,0
Really helpful and has made me feel better about myself üòä,really helpful made feel better,0
My objectives are clearer and more organize,objective clearer organize,0
A little boring but makes a big difference in my life,little boring make big difference life,0
amazing results. keeps me on track of what is really important,amazing result keep track really important,0
I am so thankful for the help in accountability. I'm thankful the positive side.,thankful help accountability im thankful positive side,0
Very help in organizing my to list.,help organizing list,0
thorough and informative,thorough informative,0
Simple and helps me improve emotionally,simple help improve emotionally,0
develops good habits and rituals,develops good habit ritual,0
it amazing and life changing!,amazing life changing,0
I love it. It's good to write about the day.,love good write day,0
Wish it would document my google fit more,wish would document google fit,0
Perfect for goal planning,perfect goal planning,0
helped me feel great after a bad day,helped feel great bad day,0
I feel Empowered. Thank you.,feel empowered thank,0
