Review,Feature,Emotion
edit fixed thanks lot quick response dont know happened calorie tracker option moved absolute dumb reason need open tab track calorie key feature app app really good recent update literally felt unnecessary dont tester test ease usability app making harder user really disappointed recent update fix asap,"Review -> Calorie Tracker, Ease of Use, Usability",Negative
struggling delayed period weight gain tried multiple diy nutritionist gym still able figure way come ended finding healthify one friend used well using app ai coach ria snap feature saviour meal track really helped shaped routine happily loosing weight regularising period would highly recommend everyone use healthify,"Review -> AI Coach, Meal Tracking, Weight Loss Features",Positive
decided give healthify diabetes plan try october 2024 3 month ive always little skeptical online program one really surprised diet workout coach constantly checking inthey review every meal log every workout video upload offering helpful advice pushing better ive lost 7 kg diabetes level improved personalized attention amazingi extended plan 6 month,"Review -> Personalized Diet Plan, Workout Coaching, Progress Tracking, Meal Logging, Workout Video Upload, Personalized Attention, Weight Loss, Diabetes Management",Positive
lot macronutrient guide quite inaccurate example 3 chicken tenderloin saying 09 gram protein reality would roughly 825 gram source say different thing chicken known high protein earth would low 09 gram 3,Review -> Macronutrient Information Accuracy,Negative
pcos struggle since late teen irregular cycle weight gain constant fatigue made hard stay positive health id tried multiple diet nothing worked snap feature app made realize wasnt eating enough protein healthy fat literally track everything take picture phone coach provided customized meal plan included simple swap like replacing refined carbs whole grain adding fibe,"Review -> Snap Feature, Customized Meal Plan, Tracking Feature",Positive
ive using app since 2016 really good feature like diary could see many day ive logged foodmy step logged per day workout ive gotten day calendar format removed insight food logged took dec 24 stopped syncing google fit dosent count step workout dosent get logged right even 10k step every day say step others 0 cal horrible,"Review -> Food Logging, Step Tracking, Workout Logging, Calendar View, Google Fit Integration, Data Syncing, Insight Generation, Data Accuracy",Positive
undergoing knee surgery last year gained lot weight due limited mobility doctor recommended healthify help get back track joined august 2024 app incredible coach created lowimpact workout plan tailored recovery snap feature make easy log meal smart scale help track weight also muscle gain fat loss super motivating five month ive lost 8 kg regained confidence,"Review -> Low-impact Workout Plan, Meal Logging, Smart Scale, Weight Tracking, Muscle Gain Tracking, Fat Loss Tracking, Coaching, Motivation",Positive
rarely ever write review im writing one healthify app changed life almost every single thing eat ive counting calorie since past 3 year free saw healthify going paid app disappointment immeasurable day ruined please allow people track calorie free ive even got many people use app people want maintain weight lose less 10 kg dont need paid app please switch back,"Review -> Calorie Tracking Feature, Free Version/Pricing Model",Positive
totally upset appwhy tracking food g instead gram daily cucumber daily need write like could track edit gram many item made change murmura bhel 280 gm app 571 cal mobile app 280 gm murmura bhel 334 cal added different app tracker every month people make change get used one system time change pathetic,"Review -> Food Tracking, Calorie Tracking, Unit Conversion (e.g. gram tracking)",Negative
ive using pcos plan say coach amazing sweet lover losing weight pcos tough diet coach suggested delicious lowcalorie alternative curb craving ive also started working regularly progress feel great starting 25kg dumbbell handling 7510kg confidence boost keep sending meal photo workout video coach always responsivecorrecting happy,"Review -> Personalized Diet Coaching, Weight Loss Support, Progress Tracking, Responsive Customer Support",Positive
im tight budget really wanted focus fitness seeing many ad healthifys smart plan decided try 3 month honestly great choice especially student like ai diet plan super helpfulits based like goal dont stress much plus tracking tool make easy stay track log meal ai coach give tip actually make sense,"Review -> AI Diet Plan, Tracking Tool, AI Coach",Positive
got thyroid plan mom who 56 knew needed little push start taking care health wasnt keen going gym talking nutritionist coach patient encouraging keep checking meal call regularly send message keep motivated workout designed knee pain mind coach even asks video guide correct form great see enjoying,"Review -> Nutrition Counseling, Personalized Workout Plans, Health Coaching, Motivational Support, Video Guidance",Positive
lovely app lost 17kg 4 month would recommend anyone wish shed weight kudos one suggestion would reuce promotion enrol premium service understand company give free service forever cant afford package pay nominal subscription fee 100 200 per month beyond unnecessary healthcare professional pretty well plan diet workout need tool track,"Review -> Weight Loss, Premium Service, Diet Planning, Workout Planning, Tracking Tool",Positive
great app absolutely love insight section meal great way know youve sufficient amount everything like fiber fat carbs protein also love indian food available database often updated im sure much rely upon value parameter food item simple example lead judging correctness value difference nutrition value subway salad nutrition value enter individual element salad separately would loved separate section find detail particular food item instead check inserting one meal overall avid user application,"Review -> Nutrition Tracker, Food Database, Meal Planner, Nutrition Information",Positive
allowing set higher target weight based system illogical bmi considers bodyweight whole dont consider whether fat muscle weight funny thing rock would considered obese according bmi tell baseless bmi system,"Review -> Body Mass Index (BMI) Calculation, Weight Management",Positive
hi team 2 couch planand app working really good body weight measurement getting connected health connect getting synced particularly sleep tracker getting updated health connect im trying google fit different apps none app got connected updated sleep tracker value please take note try fix soon possible,"Review -> Health Connect, Sleep Tracker, Google Fit Integration",Positive
genuinely great app excellent database food add dish doesnt exist rare ease adding concept adding individually meal excellent quickly add repeating dish eat option show one thing way enter exact exercise level 4 level given fall short measuring actual exercise level mine moderate intense actually simple work play way enter exactly,"Review -> Food Database, Exercise Tracking, Meal Planning, User Interface, Search Functionality, Data Entry",Positive
suggestion instead remainder window open time set user lunch breakfast dinner snack click photo set amount food taken 5 min option incase food ready feature useful many dont like go app select thing overall app good user friendly really appreciate hard work dedication towards people health,"Review -> Food Diary, Reminder, Photo Upload, Portion Control, Timely Alerts",Positive
bought package meal plan hard sustain 1mth also personal situation felt irritated dietician assigned eventually bcos tend call without arranging know wrong person diet angry people especially heavy workload informed nothing changed end avoided everything seeing app make irritated app ok know style like losing weight journey,"Review -> Diet Planning, Customer Support, User Experience",Negative
wanna give app 5 star fr today show ur free trial like bruh cant even track calorie free version pls atleast keep calorie tracking feature free edit j today aftr 3 day healthifyme sent msg whatsapp n gave calorie tracking free still disappointed tho still thnks much atleast unlocking calorie tracking feature imma give u 4 star,"Review -> Calorie Tracking Feature, Free Trial",Positive
best app kind india help monitoring diet setting weight goal help workout sync major wrist band google fit problem face 1 google fit doesnt seem sync perfectly often recognises input wrong exercise miband 2i often find difficult inputting right quantity food katoris bowl etc confusing 3 newsletter health tip doesnt seem totally scientific still best app get,"Review -> Diet Monitoring, Weight Goal Setting, Workout Tracking, Syncing with Wristband, Google Fit Integration, Food Quantity Input, Health Tips and Newsletter",Positive
food search sub optimal example find variant muscle blaze protein powder take lot time sequence word matter search also many packed food variant available like yum asana haldirams variant,"Review -> Online Medicine Delivery, Diagnostic Lab Tests, Online Doctor Consultations, Authenticity of Medicines, Timely Delivery, Lab Test Booking, Diagnostic Test Packages, Symptom Checker, Medical Blogs, Home Delivery, Pharmacy Services, Doctor Consultation Booking, Medical Specialty Options, Test Report Delivery, Medicine Authenticity, Lab Test Accuracy, Online Consultation, Diagnostic Evaluation, Medical Store Services, Doctor Specialty Options, Health Product Delivery, Online Medical Services, Medical Item Ordering, OTC Supplement Ordering, Lab Technician Services, Diagnostic Test Scheduling, Medical News Updates, Healthcare Services, Medical Condition Treatment, Pharmacy App Services, Doctor Appointment Booking, Medical Test Scheduling, Health Checkup Packages, Women's Health Checkup, Full Body Checkup, Heart Test Package, Medical Specialty Selection, Doctor Availability, Online Medical Consultation, Medical Diagnosis, Medicine Delivery Timing, Medical Test Results, Medical Symptom Evaluation, Health and Wellness Services, Medical Information Services, Medical Appointment Scheduling, Pharmacy Delivery Services, Medical Product Ordering, Health and Medicine Delivery, Online Health Services, Medical Consultation Services, Diagnostic Services, Medical Laboratory Services, Medical Test Booking, Health Checkup Scheduling, Medical Package Booking, Medical Service Booking, Online Pharmacy Services, Medical Item Delivery, Health Product Ordering, Medical Test Evaluation, Medical Report Delivery, Medical Service Evaluation, Online Medical Evaluation, Medical Symptom Checking, Health News Updates, Medical Blog Services, Medical Information Updates, Healthcare Updates, Medical Service Updates, Online Medical Updates, Medical News Services, Health Services, Medical Care Services, Online Healthcare Services, Medical Treatment Services, Pharmacy Services, Medical Store, Online Medical Store, Medical Item Shopping, Health Product Shopping, Medical Product Shopping, Online Shopping, Medical Delivery Services, Healthcare Delivery Services, Medical Service Delivery, Online Medical Delivery, Medical Product Delivery, Health Product Delivery, Pharmacy Delivery, Medical Store Delivery, Online Pharmacy, Medical Item Delivery, Health Product Delivery, Medical Service, Healthcare Service, Online Healthcare, Medical Care, Medical Treatment, Pharmacy, Medical Store, Online Medical, Health Services, Healthcare Services, Medical Services, Online Medical Services, Medical Item, Health Product, Medical Product, Pharmacy Services, Medical Store Services, Online Pharmacy Services, Medical Delivery, Healthcare Delivery, Medical Service Delivery, Online Medical Delivery, Medical Product Delivery, Health Product Delivery, Pharmacy Delivery, Medical Store Delivery, Online Medical Store, Medical Item Shopping, Health Product Shopping, Medical Product Shopping, Online Shopping, Medical, Health, Pharmacy, Online Pharmacy, Medical Store, Medical Item, Health Product, Medical Product, Medical Services, Healthcare Services, Online Medical Services, Medical Delivery Services, Healthcare Delivery Services, Medical Service Delivery, Online Medical Delivery, Medical Product Delivery, Health Product Delivery, Pharmacy Delivery, Medical Store Delivery, Online Pharmacy, Medical Item Delivery, Health Product Delivery, Medical Service, Healthcare Service, Online Healthcare, Medical Care, Medical Treatment, Pharmacy, Medical Store, Online Medical, Health Services, Healthcare Services, Medical Services, Online Medical Services, Medical Item, Health Product, Medical Product, Pharmacy Services, Medical Store Services, Online Pharmacy Services, Medical Delivery, Healthcare Delivery, Medical Service Delivery, Online Medical Delivery, Medical Product Delivery, Health Product Delivery, Pharmacy Delivery, Medical Store Delivery, Online Medical Store, Medical Item Shopping, Health Product Shopping, Medical Product Shopping, Online Shopping, Medical, Health, Pharmacy, Online Pharmacy, Medical Store, Medical Item, Health Product, Medical Product, Medical Services, Healthcare Services, Online Medical Services, Medical Delivery Services, Healthcare Delivery Services, Medical Service Delivery, Online Medical Delivery, Medical Product Delivery, Health Product Delivery, Pharmacy Delivery, Medical Store Delivery, Online Pharmacy, Medical Item Delivery, Health Product Delivery, Medical Service, Healthcare Service, Online Healthcare, Medical Care, Medical Treatment, Pharmacy, Medical Store, Online Medical, Health Services, Healthcare Services, Medical Services, Online Medical Services, Medical Item, Health Product, Medical Product, Pharmacy Services, Medical Store Services, Online Pharmacy Services, Medical Delivery, Healthcare Delivery, Medical Service Delivery, Online Medical Delivery, Medical Product Delivery, Health Product Delivery, Pharmacy Delivery, Medical Store Delivery, Online Medical Store, Medical Item Shopping, Health Product Shopping, Medical Product Shopping, Online Shopping, Medical, Health, Pharmacy, Online Pharmacy, Medical Store, Medical Item, Health Product, Medical Product, Medical Services, Healthcare Services, Online Medical Services, Medical Delivery Services, Healthcare Delivery Services, Medical Service Delivery, Online Medical Delivery, Medical Product Delivery, Health Product Delivery, Pharmacy Delivery, Medical Store Delivery, Online Pharmacy, Medical Item Delivery, Health Product Delivery, Medical Service, Healthcare Service, Online Healthcare, Medical Care, Medical Treatment, Pharmacy, Medical Store, Online Medical, Health Services, Healthcare Services, Medical Services, Online Medical Services, Medical Item, Health Product, Medical Product, Pharmacy Services, Medical Store Services, Online Pharmacy Services, Medical Delivery, Healthcare Delivery, Medical Service Delivery, Online Medical Delivery, Medical Product Delivery, Health Product Delivery, Pharmacy Delivery, Medical Store Delivery, Online Medical Store, Medical Item Shopping, Health Product Shopping, Medical Product Shopping, Online Shopping, Medical, Health, Pharmacy, Online Pharmacy, Medical Store, Medical Item, Health Product, Medical Product, Medical Services, Healthcare Services, Online Medical Services, Medical Delivery Services, Healthcare Delivery Services, Medical Service Delivery, Online Medical Delivery, Medical Product Delivery, Health Product Delivery, Pharmacy Delivery, Medical Store Delivery, Online Pharmacy, Medical Item Delivery, Health Product Delivery, Medical Service, Healthcare Service, Online Healthcare, Medical Care, Medical Treatment, Pharmacy, Medical Store, Online Medical, Health Services, Healthcare Services, Medical Services, Online Medical Services, Medical Item, Health Product, Medical Product, Pharmacy Services, Medical Store Services, Online Pharmacy Services, Medical Delivery, Healthcare Delivery, Medical Service Delivery, Online Medical Delivery, Medical Product Delivery, Health Product Delivery, Pharmacy Delivery, Medical Store Delivery, Online Medical Store, Medical Item Shopping, Health Product Shopping, Medical Product Shopping, Online Shopping, Medical, Health, Pharmacy, Online Pharmacy, Medical Store, Medical Item, Health Product, Medical Product, Medical Services, Healthcare Services, Online Medical Services, Medical Delivery Services, Healthcare Delivery Services, Medical Service Delivery, Online Medical Delivery, Medical Product Delivery, Health Product Delivery, Pharmacy Delivery, Medical Store Delivery, Online Pharmacy, Medical Item Delivery, Health Product Delivery, Medical Service, Healthcare Service, Online Healthcare, Medical Care, Medical Treatment, Pharmacy, Medical Store, Online Medical, Health Services, Healthcare Services, Medical Services, Online Medical Services, Medical Item, Health Product, Medical Product, Pharmacy Services, Medical Store Services, Online Pharmacy Services, Medical Delivery, Healthcare Delivery, Medical Service Delivery, Online Medical Delivery, Medical Product Delivery, Health Product Delivery, Pharmacy Delivery, Medical Store Delivery, Online Medical Store, Medical Item Shopping, Health Product Shopping, Medical Product Shopping, Online Shopping, Medical, Health, Pharmacy, Online Pharmacy, Medical Store, Medical Item, Health Product, Medical Product, Medical Services, Healthcare Services, Online Medical Services, Medical Delivery Services, Healthcare Delivery Services, Medical Service Delivery, Online Medical Delivery, Medical Product Delivery, Health Product Delivery, Pharmacy Delivery, Medical Store Delivery, Online Pharmacy, Medical Item Delivery, Health Product Delivery, Medical Service, Healthcare Service, Online Healthcare, Medical Care, Medical Treatment, Pharmacy, Medical Store, Online Medical, Health Services, Healthcare Services, Medical Services, Online Medical Services, Medical Item, Health Product, Medical Product, Pharmacy Services, Medical Store Services, Online Pharmacy Services, Medical Delivery, Healthcare Delivery, Medical Service Delivery, Online Medical Delivery, Medical Product Delivery, Health Product Delivery, Pharmacy Delivery, Medical Store Delivery, Online Medical Store, Medical Item Shopping, Health Product Shopping, Medical Product Shopping, Online Shopping, Medical, Health, Pharmacy, Online Pharmacy, Medical Store, Medical Item, Health Product, Medical Product, Medical Services, Healthcare Services, Online Medical Services, Medical Delivery Services, Healthcare Delivery Services, Medical Service Delivery, Online Medical Delivery, Medical Product Delivery, Health Product Delivery, Pharmacy Delivery, Medical Store Delivery, Online Pharmacy, Medical Item Delivery, Health Product Delivery, Medical Service, Healthcare Service, Online Healthcare, Medical Care, Medical Treatment, Pharmacy, Medical Store, Online Medical, Health Services, Healthcare Services, Medical Services, Online Medical Services, Medical Item, Health Product, Medical Product, Pharmacy Services, Medical Store Services, Online Pharmacy Services, Medical Delivery, Healthcare Delivery, Medical Service Delivery, Online Medical Delivery, Medical Product Delivery, Health Product Delivery, Pharmacy Delivery, Medical Store Delivery, Online Medical Store, Medical Item Shopping, Health Product Shopping, Medical Product Shopping, Online Shopping, Medical, Health, Pharmacy, Online Pharmacy, Medical Store, Medical Item, Health Product, Medical Product, Medical Services, Healthcare Services, Online Medical Services, Medical Delivery Services, Healthcare Delivery Services, Medical Service Delivery, Online Medical Delivery, Medical Product Delivery, Health Product Delivery, Pharmacy Delivery, Medical Store Delivery, Online Pharmacy, Medical Item Delivery, Health Product Delivery, Medical Service, Healthcare Service, Online Healthcare, Medical Care, Medical Treatment, Pharmacy, Medical Store, Online Medical, Health Services, Healthcare Services, Medical Services, Online Medical Services, Medical Item, Health Product, Medical Product, Pharmacy Services, Medical Store Services, Online Pharmacy Services, Medical Delivery, Healthcare Delivery, Medical Service Delivery, Online Medical Delivery, Medical Product Delivery, Health Product Delivery, Pharmacy Delivery, Medical Store Delivery, Online Medical Store, Medical Item Shopping, Health Product Shopping, Medical Product Shopping, Online Shopping, Medical, Health, Pharmacy, Online Pharmacy, Medical Store, Medical Item, Health Product, Medical Product, Medical Services, Healthcare Services, Online Medical Services, Medical Delivery Services, Healthcare Delivery Services, Medical Service Delivery, Online Medical Delivery, Medical Product Delivery, Health Product Delivery, Pharmacy Delivery, Medical Store Delivery, Online Pharmacy, Medical Item Delivery, Health Product Delivery, Medical Service, Healthcare Service, Online Healthcare, Medical Care, Medical Treatment, Pharmacy, Medical Store, Online Medical, Health Services, Healthcare Services, Medical Services, Online Medical Services, Medical Item, Health Product, Medical Product, Pharmacy Services, Medical Store Services, Online Pharmacy Services, Medical Delivery, Healthcare Delivery, Medical Service Delivery, Online Medical Delivery, Medical Product",Positive
edit issue resolved thanks prompt action highly appreciated app connected google fit stopped syncing google since today morning none workout synced thus cannot display actual picture calorie intake calorie burn literally manually input detail workout every time try refresh sync show error sync timed highly dissatisfied disappointed,"Review -> Google Fit Syncing, Workout Tracking, Calorie Intake Tracking, Calorie Burn Tracking, Error Handling, Refresh and Sync Functionality",Both Positive and Negative
great app impressive using 4 month suggestion 1 addition tracker also add option adding note every day one keep track feeling healthwise identify certain food item doesnt suit body term allergen like glutenfoods 2 add another tracker record bowel movement possibily record time description identify food may cause irritable bowel syndromeissues,"Review -> Addition Tracker, Note Feature, Allergen Tracker, Bowel Movement Tracker",Positive
like 1 calorie detail indian food suggestion 2 sync data google fit heart rate exercise detail maybe tie either xiaomi mi band tool app team sync heart rate data 3 include premium feature unlocks nonhuman interaction feature ai nutrition nutrition detail calcium etc everyone looking personal coach aspect calorie counter section really nice option paid unlocks everything would really helpful,"Review -> Calorie Counter, Heart Rate Monitoring, Nutrition Detail, AI-powered Nutrition Advice, Data Synchronization with Google Fit and Xiaomi Mi Band, Premium Feature Unlocks",Positive
everything good happy samsung health integration work step nothing else want sync sleep calorie burned samsung health app edit bumped 3 4 star thank considering advice p samsung invested healthifyme read samsung next article think may increase chance better integration samsung ecosystem app,"Review -> Integration with Samsung Health, Sleep Tracking, Calorie Burn Tracking, App Ecosystem",Positive
great local food database suggestion future update hopefully soon please include sync option body composition weight body fat muscle mass etc apps mi fit quite tedious manually update entry everytime sync option apps calorie eaten would nice well nice addition would also option goal progress goal could weight could also body fat muscle mass percentage,"Review -> Sync Option, Body Composition Tracking, Calorie Tracking, Goal Progress Tracking, Weight Tracking, Body Fat Tracking, Muscle Mass Tracking",Positive
full ad much even functionality available free use cannot used due barrage commercial pitch customer care supportive listing pro con app normally dont post negative review ive used multiple health apps year lost enough kg say app recommended edit email ive already contacted many time via app help menu account deletion even isnt supported blocked,"Review -> Account Deletion, Customer Support, App Functionality",Positive
food database indian food seems good however open app music playing background get paused also provide option talk nutritionist keep optional instead opening nutritionist chat page one important addition please provide option input food database either scanning barcode product manually entering value understand many fake product might come manual entry atleast bar code entry allowed,"Review -> Food Database, Background Music Control, Nutritionist Chat, Barcode Scanning, Manual Food Entry",Positive
hello team thank app actually like app much version upgrade previous version app option track distance speed avg pace total distance travelled live tracking much helpful jogging n walking track tje current app doesnt feature disappointing team please see live tracking main reason like healthify app,"hello team thank app actually like app much version upgrade previous version app option track distance speed avg pace total distance travelled live tracking much helpful jogging n walking track tje current app doesnt feature disappointing team please see live tracking main reason like healthify app -> Live Tracking, Distance Tracking, Speed Tracking, Pace Tracking",Positive
subscribed three month paying want pay another 6500 something another membership attend workout plan eat according dietplan feel full everytime never feel hungry eat according time feel waste app without paying high amount calculate calorie even work properly cant calculate calorie food item isnt already entered cant add food item side,"Review -> Payment Plan, Workout Plan, Diet Plan, Calorie Calculator, Food Item Database, User Interface, Membership Plan",Negative
never suggest anyone buy smart plan option set macro according balance diet low carb high protein diet custom macro option come catch though made change micronutrient budgethigh protein low carb custom setting app still give diet chart according balance diet micros even support team unable resolve issue use free food tracker water reminder,"Review -> Custom Macro Option, Diet Chart, Micronutrient Budget, Free Food Tracker, Water Reminder, Support Team, Balance Diet, Low Carb High Protein Diet, Smart Plan Option",Positive
fantastic learning app myth thought food changed provides wholesome knowledge indian food indept analysis food along calorie content useful everyone people mission along food take journey believe indian require keep healthy time change completely since early 1990 living style metro,Review -> None,Positive
update 20210116 calorie tracker become nightmare use overly pushing plan many popups screen redirections frustrating im looking another calorie tracker good calorie tracker good database food excellent customer support bad theyre pushy promoting referral paid program annoying id moved didnt like calorie tracker much please decrease pushiness guy,"Review -> Calorie Tracking, Database of Foods, Customer Support, Referral Program, User Interface, Advertising",Positive
easy way track calorie simply need two click workflow track calorie cant simply scanning barcode even add custom food always search food able add food barcode stop pushing much pro plan literally every first accessible thing app workflow purachse pro plan youve failed ux simple calorie counter usecase,"Review -> Calorie Tracking, Barcode Scanning, Custom Food Addition, Search Function, Pro Plan/Payment Model, User Experience/UI",Negative
draw back collection data external source calculation u connect google fit google fit mi fit step count syncs calorie burnt huge variation raised ticket got explanation convincing healthify collect step count google fit calorie burnt make calculation add calorie mi fit mean actual calculated calorie healthify plus mi calculated calorie make sense resulting twice r thrice calorie burnt actual misleads user request developer tweek algorithm healthify best,"Review -> Calorie Burnt Calculation, Step Count Syncing, Algorithm for Calorie Calculation",Positive
always thought skipping meal help lose weight wrongmy dietitian taught lose weight enough calorie correct food combination much important correct skipping meal great apps provides superb personalised dietitian service enjoy service lot,"Review -> Dietitian Service, Personalised Diet Plans",Positive
smart ai plan catch customer one purchased smart plan cannot cancel could take benefit call multiple time explain ai program upgrade lost money dont think concept calorie count really feasible since cannot always track even app cannot tell u exact calorie count plate,"Review -> Subscription Plan, Cancellation Policy, Customer Support, Calorie Tracking Feature",Positive
tried every method loss weight usual without proper guidance failed many time happy facility provided dietitian fitness coach awesome always motivate stick plan see noticable change lifestyle get individual focus able get gym thank guy one must try dedicated see change life,"Review -> Dietitian, Fitness Coach, Personalized Guidance, Motivation, Gym Access",Positive
incomplete incorrect data smart plan complete waste money 1 weekly report show completely wrong data tracked 1500 calorie particular day showing 900 2 weekly report doesnt enough information like weekly consumption macro micros 3 micros available there analysis 4 useless ria ai assistant answer wrong simple google search would give way information,"Review -> Calorie Tracking, Weekly Report, Macro and Micro Nutrition Analysis, AI Assistant, Data Accuracy",Negative
changing review app 5 enjoyed 4 year 1 meal tracker key biggest experience differentiator got new interface suck trying promote snap track feature work perhaps others text search add food item screwed massively add one item time add multiple item together meal edit item enter correct time painful hell,"Review -> Meal Tracker, Interface, Search Function, Food Item Addition, Meal Editing, Time Entry",Negative
started using app 10 day ago unpaid version parent also started using discipline one ensure super health healthyfy help keep track intake food exercise abe see tracking automatically become cautious try get routine cyclist surely motivates go formy ride daily also stopped consuming additional calorie one doesnt realise,"Review -> Food Intake Tracking, Exercise Tracking, Calorie Tracking, Routine Management, Health Monitoring",Positive
free plan fine tracking calorie basic macro variety indian meal good way start weight loss smart plan pretty useless consultation expert didnt help theyre weirdly condescending uninformed doesnt many micronutrient tracking option 4 vitramins even paid plan option making custom recipe paid otherwise fitnesspal provides free add custom meal easier logging 3 free plan enough actually spend 2100 one year got discount edit able get refund complaining fitness coaching unresponsive unwilling personalize service couldnt even get feedback form timely basis claim generally respond 2 hour take 2 day flaky phone appointment,"Review -> Calorie Tracking, Macro Tracking, Custom Recipe, Micronutrient Tracking, Vitamin Tracking, Consultation Service, Customer Support, Refund Policy, Personalization, Feedback Mechanism, Appointment Scheduling",Positive
used app 6 month great feature fantastic coach absolute cheat company paid 500 700 american dollar year loose weight healthy fabulous coach also keep chasing upgrade plan refer friend family v annoying dumb free apps available australia play store hard earned money wasted get benefit low reduced cost please shop around want save money,"Review -> Cost, Upgrade Plan, Referral Program, Weight Loss Feature, Coaching Service",Positive
really happy service provided heltify seems one another scam take money coustomers serious concern whole system app sold promised lot thing started using app lost interest copule week there point entering data app follow call diet coachfitness totally understand aware activity one bothered reply connect asking update diet fitness plan hasnt changed 4 month bunch crook running app recommended one,"Review -> Diet and Fitness Coaching, Customer Support, Data Entry and Tracking, Personalized Plans",Positive
purchased annual plan healthifyme weight loss hesitant losing weight necessary thought give shot within 2 day connected dietician trainer choice video call explained lifestyle issue diet curated plan within one day followed diet plan exercise exactly mentioned surprise lost around 45 kg 1 month believe see result,"Review -> Diet Planning, Weight Loss Guidance, Personalized Coaching, Video Consultation",Negative
one thing make app perfect plz make widget dynamic example add progress bar around calorie meter step count water meter weight etc widget proper number like progress bar circling parameter inside app happens login plan forget one tends open app check progress app finally sits corner phone unused need useful widget,"Review -> Dynamic Widget, Progress Bar, Calorie Meter, Step Count, Water Meter, Weight Tracker, Login, Customizable Dashboard",Positive
using app since couple month really good lot 4 kg already without eat salad coach zeeshan mahereen extremely nice helpful studio experience really good slot available even odd hour thing would want change session 30 min would help dont lot time still dont want miss working,"Review -> Weight Loss, Session Duration, Availability of Coaches, Studio Experience, Session Scheduling",Positive
love app one request please add section vomiting losing food mainly know others tend vomit quite bit really want feature throwing cause loss calorie water cause dehydration could track threw could catch nutrition could even add section add extra glass water finish recovery section throwing safety,"Review -> Vomiting Tracking, Nutrition Tracking, Water Intake Tracking, Dehydration Tracking, Calorie Tracking, Recovery Tracking, Safety Features",Positive
really great experience smart plan includes work regime based user preference completely lopsided example get excercises core lower body automatic recommendation page balanced set work out involving body part go prove smart plan indeed smart despite adding weight preference dont get workout involving weight another irony,"Review -> Workout Recommendation, Personalization, Exercise Variety, Weight Preference",Positive
find calorie tracker weight tracker quite efficient except calorie tracker doesnt nettracking tracker either metric scale cm inch imperial scale either annoying thing marketing strategy unlike strava runstatic heavily focused agressively incentivised approach conducting raffle reward user material personally find greedy approach,"Review -> Calorie Tracker, Weight Tracker, Unit of Measurement (Metric/Imperial Scale)",Positive
app really helpful ive found really interesting cant edit goal im trying edit goal there way edit click reduce calorie goal say youll soon able edit calorie intake app notify option available im waiting 3 month still cant edit please request update setting individual edit goal bundle thanks,"Review -> Calorie Intake Tracker, Goal Setting, User Profile Editing, Notification System, Application Updates",Positive
doesnt even get basic thing right never get calorie count right get step count right fail understand basic thing extracting data another app case google fit go wrong extremely poor customer service cust rep dont know much keep waiting hour free service call like dietitian etc also purely objective selling free call like tactic buying customer time sale pitch,"Review -> Calorie Count, Step Count, Data Extraction, Customer Service, Free Service Call, Dietitian Consultation",Positive
messy app straightforward process good database instance selecting yesterday food default enters quantity go back edit also kinda annoying cant enter custom calorie macro particular food unavailable instead create new food choosing existing database easier use reference track google sheet excel,"Review -> Food Database, Custom Calorie Macro Entry, Quantity Entry, Edit Functionality, Search Functionality",Positive
smart plan complete waste ai engine make sense combine random cuisine one meal completely impractical consume recommends 20 hour sleep day weight loss goal plan keep using free product great smart plan clear waste time money update reply clearly show customer focus concerned improve app retain customer would offered help atleast uninstalling,"Review -> Artificial Intelligence, Meal Planning, Sleep Tracking, Weight Loss, Customer Support, User Interface, Medicine Delivery, Online Consultation, Diagnostic Tests, Lab Test Booking, Online Pharmacy, Product Recommendations, Customer Retention, Uninstallation Process",Positive
pro subscription see result time healthifyme excellent lifestyle modification food database keep updating food water step calorie burn tracking good interface good workout interface really good show video many exercise also counting rep please update workout video sooner want make happy coach highly educated plan easy follow intensity keep increasing time,"Review -> Food Database, Calorie Burn Tracking, Workout Interface, Video Exercise Library, Rep Counting, Coach Education, Workout Plan, Interface Quality",Positive
dont know actually happened app previously working good recent update sometimes doesnt count calorie example im walking 2000 step showing 200calories burnt even walking 5000 step itll show 200 calorie burnt tried refreshing restarting app even phone doesnt work,"Review -> Calorie Tracking, Step Tracking, Application Stability",Positive
ok experience bought diet plan interested fitness plan 1 still keep advertising urging keep buying expensive one plan 2the diet coach abysmal part diet keep messaging promotion would recommend people buy tracker thats remotely useful thing helped loose weight would help anyone thats part would recommend,"Review -> Diet Plan, Fitness Plan, Advertising, Messaging, Tracker",Positive
want know carb data given total carb net carb reply side also would helpful mention total carb net carb separately food item one please add food copy functionality copy food breakfast dinner lunch expecting reply didnt get feedback side functionality available nutrionx app,"Review -> Carb Data, Total Carb, Net Carb, Food Item, Copy Food, Breakfast, Dinner, Lunch, Nutritionx App, Feedback, Copy Functionality",Positive
downloaded app list indian food couldnt find app ive noticed feature app wish become bit annoying 1 cant custom add cals consume meat substitute package come nutrition info app doesnt option allow user feed 2 doesnt let set fast want lose wt opt available easy rest recommended one cant even choose,"Review -> Custom Food Tracking, Meal Planning, Nutrition Information, User Input for Dietary Preferences, Goal Setting for Weight Loss",Positive
cannot customise default water intake always 250 make difficult track water intake everyone drink 250ml one go every time cannot change intake 05 075 glass either also integrated step counter hence end downloading two apps one track water intake accurately another track step would really helpful integrated healthify,"Review -> Customizable Water Intake, Integrated Step Counter, Water Tracking, Health Tracking",Positive
comprehensive tracker one even washing ur hand need subscription though second log coach begin hound interaction weight loss tracker need fixing lbskilos swap calorie tracker show indian eats geared around weight loss uninstalled many less intrusive apps deliver international experience however recommended looking keen follow monitoring would annoying self disciplined adult,"Review -> Weight Loss Tracker, Calorie Tracker, User Interface, Subscription Model, Internationalization, Personalization",Positive
disappointed intermittent fasting tracker recently introduced app able edit start end time considers default valued user set first time login tracking alarm could done also helpguide available fasting tracker 899 need refund money app doesnt record correct timing fasting period without getting input close fasting window notification,"Review -> Intermittent Fasting Tracker, Edit Start/End Time, Default Values, Tracking Alarm, Help Guide, Fasting Window Notification, Timing Accuracy",Negative
neither post app review refer apps friend family healthify changed app definitely deserves praise amazing user experience functionality one additionsl feature tracking sleep hour pattern would make application holistic otherwise everything guy great kudos healthify team 5 star much deserved,"Review -> User Experience, Functionality, Sleep Tracking",Positive
smart plan really useful many good feature premium plan nothing joke loot money diet coach assigned nothing used app 15 month premium plan promised customized diet plan diet coach still working hope completes diet plan near future tired following premium plan easy way lose money without getting service nonpremium version pretty good,"Review -> Diet Planning, Customer Support, Premium Membership, App Usability",Positive
best app ever fitness tracking everything essential would better could suppprt mi fit step tracker app honor band would really appreciate tht best calorie counter variety food varying india indonesian dish something every sportsman sportswoman would need would better suggest body posture muscle developing exercise abt knee strengthening thigh strenghthening,"Review -> Fitness Tracking, Calorie Counter, Step Tracker, Body Posture, Muscle Development Exercise, Knee Strengthening, Thigh Strengthening",Positive
hi following tracker apps available device sync google fit samsung fitbit garmin day variety tracker apps available affordable device noisefit amazefit name noisefit fusion device us noisefit x app amazefit bip us zepp app apps available sync default googlefit app always accurate phone always carried vast difference observed step counting please enable feature,"Review -> Device Sync, Step Counting Accuracy, Availability of Tracker Apps, Affordability of Device",Positive
external reference youtube video workout plan effective time consuming go youtube ad see workout external reference rep count timer proper count number fast pace making workout ineffective,Review -> None,Positive
lot indian food available especially restaurant dish airfryer recipe calorie count standard chicken dish calorie count available lot people add peanut coconut dish taken account calorie calculation go wrong,"Review -> Calorie Calculation, Nutrition Information, Recipe Database, Meal Planning",Negative
read negative review little confused would people even give app bad rating firstly love indian food item track calorie water reminder help stay hydrated ive subscribed plan month diet fitness coach amazing meenaxi diksha soo motivating soo professional ive already lost almost 2 kg month despite fact miss diet workout plan sometimes,"Review -> Calorie Tracker, Water Reminder, Diet Plan, Fitness Coaching",Positive
vedio information easy learn dothis home based vedio useful usand get benefit healthy people every thing dailyexcept excerciseactually need importantbut control keeping food taken dailyand excercise burn calorie hope showing vedio people definitely try keep doingthanks creative team,"Review -> Health and Wellness Advice, Educational Content, Exercise and Nutrition Guidance",Positive
healthifymes best thing like availability nearly indian foodsrecipes havent explored much nonindian cuisine suppose even must huge list end app guide support individual dedicated enough see result couple month line recommended many family seeing significant improvement health eating habit,"Review -> Health and Wellness Features, Food and Recipe Suggestions, Personalized Guidance and Support",Positive
step calorie burnt showing wrong information 740 step showing 919 cal burnt cannot 3040cal burnt small movement else need movement burn calorie walk calorie burnt step walked misleading app reliable data lost confidence measurement app dont recommend app health measurement,"Review -> Calorie Burn Tracking, Step Tracking, Movement Tracking, Health Measurement, Data Accuracy, Reliability",Negative
must state good initiative implemented efficiently yet doesnt account different type cuisine well didnt say variety one fruit vegetable one region matter quite lot furthermore even though opted weight loss diet feel give less calorie budget one brain need energy function app considering properly,"Review -> Dietary Advice, Calorie Tracking, Regional Cuisine Variety, Brain Health Features",Positive
accurate fat percentage food even though portion small rounded instead add new record wasnt user friendly add nutrient could refer food package ingredient instead calcium magnesium wasnt shown checking food nutrient tried better calorie counter better app step counting ability easier record food taken recommended record calorie purpose,"Review -> Food Diary, Calorie Counter, Nutrient Tracker, User Interface, Step Counting Ability",Positive
using app since 1 month healthifyme step counter hoax keep step count irrespective source mifitgooglefit moreover keep changing step count well calorie burnt calorie counter useful doubt accuracy long story short basic app ok calorie burnt part extremely dodgy confusing one fasting walking hour day reach 10k step enthu sapping,"Review -> Step Counter, Calorie Burnt Counter, Integration with Other Apps (Mifit, Google Fit)",Negative
app doesnt allow set calorie macro goal wanted update calorie goal support team gave bot like answer helpful finally vikas support team said set ur weight goal select difficulty level option select difficulty disabled told vikas option activated said option available must wont healthy set ur goal disappointing,"Review -> Calorie Macro Goal Setting, Weight Goal Setting, Difficulty Level Option",Negative
1 app freeze add food 2 trader joes food option cereal exist 3 diet plan difficult follow difficult cook 3 type sabjisdishes daily basis doesnt end really amount ingredient recipe consistent serving size diet plan suggests lead either either food wastage enough food serving size higher side dish repeated next day diet plan,"Review -> Diet Planning, Food Suggestions, Recipe Management, Serving Size Guidance, Meal Repeating, Ingredient Management, Food Wastage Reduction",Negative
sad cannot connect mi bandfit there workaround connect app google fit google fit mi band doesnt show accurate data google fit us calorie calculation method there huge difference calorie burnt mi band google fit please add direct connection mi fit step exercise added automatically calorie count band,"Review -> Integration with Wearable Devices (Mi Band), Calorie Calculation Method, Google Fit Integration, Automatic Data Syncing",Positive
recent bug impeded weight loss journey matter goal set lowest calorie budget get always 2000 way 1600 assigned weighed last year thought id try couple week even following diet strictly exercising well weight stayed month used online calculator confirmed doubt 1650 right budget instead recommended 2000 please help,"Review -> Calorie Budget Calculator, Diet Planning, Weight Loss Tracking",Positive
good app awesome calorie counting sure think indian food kudos db bad seems lot going app bit overwhelming first sometimes fetching data screen get stuck loading seems like thread went control ugly understand need monetize however constant full screen upselling bit annoying sure ad enabled option low sub removing ad would great,"Review -> Calorie Counting Feature, User Interface, Data Loading, Ad Management, Subscription Model",Positive
garbage many free apps help track calorie provide tip exercise signed free consultation basically marketing call useful information person rude hung abruptly dont waste money rubbish startup like want change health eat clean complex carbs low carbs small portion try intermittent fasting well cant believe people fall nonsense also ridiculously overpriced better paid apps eg fitness pal use free version track calorie,Review -> None,Positive
tracking option app showing previous day history foodspreviously 12 tracking food option used get refreshed add new day entry happening last 2 daysnot sure wrong new app update many bugspls testing releasing update check daily calorie trend graph calorie go budget day show number caloriesit show red bar mention calorie,"Review -> Food Tracking, Calorie Tracking, Daily Calorie Trend Graph, Budget Day Feature, Red Bar Indicator for Calorie Exceedance",Negative
taken subscription 10 day back 3 month recovery plan far great fitness diet regime monitored closely query answered promptly separate call nutrition diet coach gave personalised exercise diet according bmi physical constraint lastly needed external motivation able commit weight loss journey far highly satisfied service highly recommend,"Review -> Personalized Diet Planning, Nutrition Coaching, Exercise Planning, Weight Loss Support, Motivation and Accountability, BMI-based Recommendations, Physical Constraint Considerations",Positive
make app user friendly please one recommendationfor please make easier sort workout section example im interested mostly zumba class order ive go healthify studio search cardio session since zumba class infrequent make tedious search guy made search bar type zumba get result immediately would make life lot easier,"Review -> Search Functionality, Filter or Sorting Option, User Interface",Positive
let state u need improve need inapp review coloum alot fish sea food dish missing even ingredient missing also need add homemade dish available restaurant need expand dislike food section eg nut category cashew disliked others fine include diet improve n star go rest looking good app,"Review -> In-App Review Column, Food and Seafood Dish Options, Ingredient Listing, Homemade Dish Availability, Dislike Food Section, Diet Options, Rating System",Positive
totally changed way think fitness weight loss helped develop healthy lifestyle healthify helped realise small thing matter supportive coach like icing cake would totally recommend especially working professional able make time go way gym healthify help take control fitness practical way,"Review -> Online Consultation, Supportive Coach, Time Management, Gym Alternative, Fitness Tracking, Health and Wellness Guidance",Positive
since joining healthify 2022 health journey nothing short remarkable focus balanced eating personalized fitness app transformed approach wellness shed 16 kg also discovered newfound joy staying fit healthify studio within app game changer variety live workout option provided refreshing change exercise routine coach especially kiran abhimanyu deserve special mention,"Review -> Personalized Fitness, Balanced Eating, Variety of Live Workout Options, Coach or Trainer Support",Positive
probably bit early rate app liked initial experience healthify initially kept track calorie lost 2 kg decided enroll premium plan mr joseph really guided choose right plan based requirement food habit n lifestyle also went extra mile get discount using refererral point husband n also discount coupon fit plan perfectly budget overall good experience,"Review -> Calorie Tracking, Premium Plan, Referral Program, Discount Coupon, Personalized Plan Recommendation, Budgeting",Positive
app helped lose 28 kilo assisting tracking calorie intake achieved weight loss target using app free plan 7day free premium trial deceitful advertises benefit buying longterm premium pack app well suited indian database contains caloric information 99 indian food track calorie adding many katoris dal sabzi consumed tracking calorie also eventually educated food avoid one go find many feature app unnecessary tracking water intake calorie lost exercising really help weight loss,"Review -> Calorie Tracking, Food Database, Water Intake Tracking, Exercise Tracking, Premium Features, Free Trial, User Education 
(Note: The review does not seem to be related to the provided product Apollo 247 - Health & Medicine, but rather a weight loss or calorie tracking app)",Positive
smartplan never problem calorie tracking smart plan offer diet plan good initial day doesnt update learned eat much quantity smart plan expired morning see calorie budget correct evening fluctuate adding 50250 extra calorie talked support said due activity level plan saying new featur,"Review -> Calorie Tracking, Diet Plan, Activity Level Tracking, User Interface, Support",Positive
really recommend upgrade pay app thankfully wasted nearly 1000rs finding 1 first coach call claimed never happens 2 data getting sync properly google take random calorie google fit step 3 calorie burnt using exercise feature doesnt get captured anywhere niether app google 4 support feature doesnt work way u contact anyone many,"Review -> Payment Upgrade, Data Synchronization, Calorie Tracking, Exercise Feature, Customer Support",Positive
review update 21 july2020 downgrading rating using app couple year paid member coach absolutely great problem app earlier feature add log via web portal removed option option convenient office worker unable use mobile add log kindly consider providing web dashboard feature least paid member app also lot bug freeze showing add screen training paid session paid feature service need type find food even enter food frequently option copy food also predefined list favourite food select workout activity tracker also helpful sometimes counter activity feel slow follow option speed slow counter hope request attended soon updated latest version today easy track app ia really helpful using since 6 month able track everything eat could loose 11kgs last 6 month proper diet exercise course tracking calorie using app thanks healtifyme,"Review -> Web Dashboard Feature, Mobile App, Bug Fixing, Food Logging, Workout Activity Tracker, Search Function, Predefined Food List, Favourite Food Selection, Calorie Tracking",Positive
scam dont fall first convince buying plan tell 10 different option choose later 1 suggested post neither fitness expert dietician check every body need different suggest set exercise diet exercise food entire month whether suit customise even ask total waste money,"Review -> Customized Diet and Exercise Plan, Personalized Fitness Recommendations, Nutrition Advice, Health and Wellness Services, Online Consultation, Diagnostic Tests, Medicine Delivery, Pharmacy Services, Lab Tests, Health Checkup Packages",Negative
1 ever pay app 2 paid diet coach basically copy pasted search result diet google rude ignorant 3 every little feature paytrap fair need earn money mention explicitly make waste time adding detail telling last stage paid feature 4 download app stop calling hate old school shady marketing practice,"Review -> Payment Model, Diet Coaching, Feature Accessibility, Marketing Practices, Download and Installation 
Review -> In-App Purchases, Subscription Model, User Experience, Marketing Strategy 
Review -> Payment Transparency, Feature Unlocking, Time Efficiency, Explicit Pricing 
Review -> Download Process, Marketing Tactics, User Interface",Negative
systematic patient approach weight loss programme understand requirement well rush burning calorie first routine set take good eating habbits light exercise slowly intensity increase enjoying journey feeling fit motivated couch professional ensure person attention thankyou healthify surely recommend family friend,"Review -> Weight Loss Guidance, Personalized Coaching, Healthy Eating Habits, Exercise Planning, Motivation and Support, Professional Guidance, Progress Tracking",Positive
hand wouldnt even give 1 star app difficult use filling calorie eaten every time difficult plus asked much spare workout every day answered 30 min suggesting workout plan 4045 min say burn 6675 cal seriously hand say gain 86 calorie eating one chapati taken cheapest plan believe go youtube way better,"Review -> Calorie Tracking, Workout Planning, User Interface, Ease of Use",Positive
bought one month diet plan suggests fancy food cannot make everyday basis tried changing preference still show app suggests eat idli dosa everyday would eat everyday even though ive preference set north indian food feel like ive wasted money guy,"Review -> Diet Planning, Personalization, Food Preference Setting, Recipe Suggestions",Negative
cannot measure home workout correctly enter activity calorie burnt section getting exact option asks rep enter calorie directly eg jumping jack 30 second enter activity browse another site calorie burnt calculator waste time,"Review -> Calorie Burnt Calculator, Exercise Tracking, Rep Tracking",Negative
want see nutritional value data google fit app smartscale try try meal calorie intake healtifyme want see data synced google fit well already reading google fit also writing weight height google fit dont know already done looking forward otherwise great app good experience huge dataset food calorie tracking helpful ai recommended,"Review -> Integration with Google Fit, Calorie Tracking, Food Database, AI Recommendations, Weight and Height Tracking, Data Synchronization",Positive
sure bug hell enable alarm icon phone top right status bar sure send alert notification thing app altering phone functionality alarm icon seriously recommended confuse user alarm icon appears set alarm apps use,"Review -> Alarm Icon, Notification, Status Bar, Alarm Functionality",Negative
lot tracking issue im facing make app useless microgreens food present track cold pressed green juice available track whatever food available tracking cannot add custom number example want add 32 gram spinach boom number 32 available list isnt basic thing regret bought 6 month subscription sorry say chatgpt giving good tracking wrt food item,"Review -> Food Tracking, Customization of Quantity",Positive
recent update cannot enter custom quantity food item example sprout 123 gm doesnt make sense use application focus functionality user experience rather uicosmetic update,"Review: cannot enter custom quantity food item example sprout 123 gm doesnt make sense use application focus functionality user experience rather uicosmetic update 
-> Quantity Input, User Experience, Application Functionality",Both Positive and Negative
app one aim somehow make quick money desperate vulnerable sick people using kind manipulative tactic using ai calling premium feature fact absolutely free cost free use professional version chatgpt free ai bot discontinued previous food suggestion useful creating diet plan total waste time,"Review -> Artificial Intelligence Feature, Premium Features, Online Consultation, Diet Plan Feature, Chatbot Feature",Positive
new ui good entering quantity unable see weight whereas previously could see weight item adding altering quantity edit change got incorporated niceeeeso 5 star,"Review -> Quantity Entry, Weight Display, Edit/Alter Quantity Feature",Positive
new ui terrible classic case dont fix isnt broken also theyve made calorie breakup paid version forcing even long term user trial paid version thumb add ad monetize app instead putting basic thing behind paywall people migrate free apps also basic feature token amount would make sense costing higher netflix charge month ludicrous say least,"Review -> User Interface, Calorie Breakup Feature, Payment Model, Ad Monetization",Negative
old ui much better new one laggy often take way much time anything please bring back older ui,Review -> User Interface,Positive
hi health authority shuld investigate cgm reading showing 20mgml guy managed put annual subscription hidden difficult find international apps integrity ethic give easy cancellation option guy hid linked upi cant blocked please beware stay away update dont active plan even deducting may full year upi full fraud,"Review -> Subscription Management, Payment Processing, Cancellation Policy, Transparency, Integrity, Ease of Use, Refund Policy",Negative
app lot feature lot item different category like lot food item quantity intake would consume much energy upgrade google fit level one issue noticed app connected google fit would track workout google fit early morning opened healthify app yet notification would appear track drinking water meal workout would finish tracking google fitlt would update,"Review -> Google Fit Integration, Water Tracking, Meal Tracking, Workout Tracking, Notification System, Energy Consumption Tracking",Positive
follow big time renewal date approaching renew bank offer turn back need produce proof bank offer existed attempted pay worst tech stack worst customer support im done guy im done please refund 100 amount back dont want relationship,"Review -> Customer Support, Refund Policy, Payment Processing",Negative
5 5 service 0 5 data safety coach knowledgeable guide towards healthy lifestyle kudos really disappoints data safety necessity pas detail 3rd party organisation option stop auto image tracking possibility sending personal image server please revisit stand,"Review -> Data Safety, Auto Image Tracking, Third-Party Organisation, Consultation Services, Healthy Lifestyle Guidance",Positive
ever enroll plan people worst ever literally coerce keep nagging buy plan irritating literally ignore request pay enroll worst worst worst regret done research wasted lot money please make mistake enrolling plan people looter deliver promise,"Review -> Enrollment Process, Customer Support, Delivery, Pricing",Negative
ui look modern worst ux whats point changing ux much would rather prefer older version much better,Review -> User Interface (UI),Negative
lately measurement food collapsed like rasam instead 150 gm showing 05 ml please fix,"Review: lately measurement food collapsed like rasam instead 150 gm showing 05 ml 
-> Measurement Unit Conversion, Quantity Measurement",Positive
excellent guidance n support n always get good motivation coach,"Here is the excellent guidance n support n always get good motivation coach -> Motivation and Guidance, Customer Support",Positive
good last update cant read anything mode,"Review: Here is the good last update cant read anything mode 
-> Online Medicine Delivery, User Interface",Positive
definite coach actually qualified plan make relevant look like plan google chatgpt purchase theyll make false claim like plan would per need daily life inaccurate better use free apps give plan bcz honestly difference definitely worth price business thrive one strategy make difficult plan people wont able,"Review -> Cost, Alternative Solutions, Effectiveness, Value for Money",Positive
excellent app pro 1 great workout plan 2 great diet plan 3 great studio experience give wonderful balance choosing strength cardio yoga many apps may give 4 polite coaching system address coaching related query promptly ability con 1 toll free number work technical issue 2 raising concern issue also working 3 youre slightly late studio workout due technical issue joining late due fastpaced tight schedule work beyond 5 minute prevented entering personally feel wrong serious issue need rectified user booked session allowed enter studio work session irrespective late 4 scheduling call wonderful system let coach know free receive call however time coach call directly never minded however user felt annoying might middle class important meeting guess call must mutually agreed upon system also need pruning make user comfortable great app need lot improvement,"Review -> Workout Plan, Diet Plan, Studio Experience, Coaching System, Scheduling System, Technical Support, User Booking, Session Management, Communication System",Positive
new update really bad scroll make two click track calorie developer know user want app calorie tracking ria exercise tracking water tracking etc new update doesnt even show calorie food added like developer hell bent making app unusable possible every update looking indian calorie tracking apps healthify fix,"Review -> Calorie Tracking, Exercise Tracking, Water Tracking, Food Tracking, User Interface",Negative
older ui easy usefull provide quicker insight tracking etc new ui cause headache hard mean hard navigate find look cause headache make quit soon open waste,"Review -> User Interface, Ease of Use, Navigation",Negative
guy make paid app happy app user 7 year many body transformation memory app used recommend app everyone met wanted become healthyliterally nothing accessible right without paywall atleast could kept bit affordable considering indian market cost higher popular ott platform basic functionality feel sad uninstall say goodbye fav app,"Review -> Pricing, Accessibility, Affordability",Positive
dont know app automatically set alarm phone doesnt ring postponed hour later bit annoying see alarm set didnt set used app past year problem uninstalled 1 year ago think unnecessary alarm today saw app store thought problem solved would good people could fix good app,"Review -> Alarm Feature, Automatic Alarm Setting, Notification System",Negative
apps functionality awesome food database includes type food also free version enough beginner used 15 day 15 day phonemoto g4 2gb ram start freezing need restart every 30 minute troubleshooting found something problem app uninstall app use phone 05 day work fine reinstalled app phone start freezing againdeveloper please fix,"Review -> Performance, Stability",Positive
5 star fake review stay away scam purchased smart plan whole year using credit card mentioned cancellation allowed theyll say refund policy satisfied service asked cancellation response got customer support go 90 page term condition somewhere corner mentioned refund smart plan using credit card wont processed,"Review -> Refund Policy, Cancellation Policy, Customer Support, Terms and Conditions",Positive
update issue able search food item reinstall app thank pointing issue vivo device checked setting vivo app store disabled auto update setting enabled default havent faced issue healthify app since seems even install app google play vivo app store updating app automatically giving 5 rating taking meal suggestion feature free version,"Review -> Auto Update Setting, Meal Suggestion Feature, Online Medicine Delivery, App Installation, Rating System",Positive
bunch money hungry whs every single useful feature make paid version button pop utterly disappointing see basic version literally become gimmick point installing unless credit card ready go right beside note developer reasonable people pay premium version get value basic version dropping pant every minute asking money make user frustrated,"Review -> Pricing Model, Feature Accessibility, User Experience, In-App Purchases, Basic Version Functionality, Payment Gateway",Positive
micronutrient tracker free version say upgrade unlock nutrient would fair assume vitamin mineral would tracked upgraded find 5 micronutrient tracked trying complain request refund simply met feedback passed team edit issued refund fair commendable action part rare feedback actually get passed,"Review -> Micronutrient Tracker, Upgrade Option, Refund Process, Feedback Mechanism",Positive
dont buy paid program case go local option dont care cant connect coach coach timing dont suit kind issue mailing past 4 month raised atleast 10 ticket issue resolved always tell one thing didnt raise ticket regarding using app almost 15 year paid program two coach didnt see much benefit last 4 month feel totally disconnected tried get refund choose option gave reply team month always leave hanging making look like fault importantly wont change diet plan according season wont update workout end raise ticket dont waste money last one year thing detoriated bad way better option keep coming new marketing plan ad app almost impoosible log food also ever plan take unless log ignore completely thing werent bad month headache cant get rid fault trusted bought 1 year long membership dont even reply saying mail supoorthealthifyme check mailed like million time till,"Review -> Customer Support, Refund Policy, Diet Planning, Workout Updates, Mobile App Usability, Ticketing System, Coaching Services, Seasonal Diet Updates, Marketing Strategy",Positive
paid 45 used app epitomy scammy business model paid smart plan used day found inconvenient person busy schedule like lost phone next day got tangled negative experience app 1 found app work web version cant use anymore smartphone 2 customer service told money nonrefundable whether use plan one year never used plan make sprout thats 3 recepies smart plan cooking instruction video tutorial 4 basically paying something available free online 5 composition calorie severely incorrect pay wont get refund policy matter app accessible useful dont care putting everyone see wont see money back dont like product even cancel minute incase like smart plan pay see smart plan offer trial,"Review -> Refund Policy, Customer Service, Accessibility, Utility, Trial Offer, Content Accuracy, Payment Model",Positive
really liked studio session personally felt smart plan useful waste money however studio session really really good coach interactive correct posture immediately give good motivation push ourself,"Review -> Coaching, Interactive Sessions, Posture Correction, Motivation",Positive
using 6 month diet plan affective thyroid patient give many reason u realize mistake time behind log updation app concentrating communicating call refund worst among plan affective definitely cancel convience u nicely taking plan response want cancel give many reason,"Review -> Diet Plan, Refund Policy, Customer Support, App Usability, Communication, Convenience, Cancellation Policy",Negative
u spent even half amount money u spend advertisement actual app development n bettermentit could best health app literally see apps advertising everywhereon youtubeon every social network gameseverywhere much instead actually tryingppl might get irritated ad even ecommerce apps dont level advertising better spend ur money improving app experience please,"Review -> Advertisement Management, App Experience, User Interface",Positive
dear sironce taken paid membership application 14aug2023 upi mandate created r 2049 six month deactivated membership account upi mandate still active amount r 2049is deposited upi id healthifymerzdicici paid 2 extra payment 14 feb 2024 14 feb 2024 without availing service request cancel upi mandate end thankful pls help,"Review -> Payment Processing, Subscription Management, Refund Policy, UPI Mandate Management",Positive
bad initially impressed result shown apps people lost weight decided opt baisc level pkg start using started using smart plan bot ria found worth paying money scripted bot work predefined data wanted withdraw membership here saw there option withdraw raise ticket wait call waited cut membership money frm card,"Review -> Membership Management, Payment Processing, Customer Support",Negative
big company bigger cheating company world doesnt cancel subscription taken 1st person interact team clearly told may cancel anytime dont feel feasible paying 2 installment want cancel subscription started ignoring message denied fact cancel subscription like wow paid 2 installment claiming refund pathetic experience,"Review -> Subscription Management, Refund Policy, Customer Support",Negative
pro program using past 1 year current update adding time meal tracker annoying dont add everytime finish meal also minute dial waste scrolling go back 30 min hectic design also time dial one step reduces tracking user two option 1 dont care time click done time good asset minute dial hectic interfacechange input shortcut 15 minute,"Review -> Meal Tracker, Time Input, User Interface, Input Shortcut",Negative
signed vaccination slot wasnt notified slot like advertised uninstalled app ever since im receiving message every day say amt debited r 400 amt debited r 650 etc way grab someone attention reinstall app truly unethical evil edit seems highly unlikely issue since get notification legitimate apps number dont add true time fixed,"Review -> Notification System, Payment Processing, App Uninstallation, Medicine Delivery, Vaccination Slot Booking",Negative
service nice however thing used get critical person basically call ups every week okay think person purchasing plan take initiative ask difficulty plan good easy must consider thing innovating routine okay full innovation possible plan costly good app compatible person busy routine,"Review -> Ease of Use, Innovation, Compatibility, Cost, Medicine Delivery, Online Consultation, Diagnostic Tests",Positive
really dont know startive using oneyear plan ive countless different coach since joined really motivated take control weight loss journey finally make change every time started build connection get track coach would change start someone new disheartening made hard stay consistent motivatedinstead making progress ive felt stuck even,"Review -> Coaching Service, Weight Loss Journey, Consistency and Motivation Tracking, Coach Assignment",Negative
hate ad number 1 see video ad already 10 sec click tiny exit button clicked u get another ad thats 5 sec finally want take page say get wait another 5 sec happens football game like tarafacebook myntra ad 5 sec id much rather use product using whose ad cyber bully frustration stop annoying stop ill reason hate,"Review -> Ad Experience, User Interface, Product Usage",Negative
coaching quality poor find better plan free internet coach pretty clueless accountability support forget maybe checkin max week automated message upfront hardselling extremely aggressive upfront call multiple time purchase plan wish id gotten number call message coach initial sale person edit quick reply took follow action,"Review -> Coaching Quality, Accountability Support, Automated Messages, Sales Process, Customer Support",Positive
new update seems messed something bottom navigation disappears sometimes clicking back tracker take smart page instead main tracker page also refreshes smart page opening often leading missed action clicked menu go back tracker page still stay smart page,"Review -> Navigation, Bottom Navigation, Page Refresh, Back Button Functionality",Positive
unable save reminder tried save drinking water reminder every hour show change done reopening app go default setting remind thrice tuesday went raise issue dropdown list select category option trying submit issue summary issue description say please select category sure raise issue raise issue glitchlol,"Review -> Reminder Feature, Issue Reporting Feature, Category Selection Feature, App Settings Feature",Positive
decided opt paid subscription second time gap almost 3 yearthinking must improved service gone worse bought subscription 20th june 2020 looking scenario thought opting 3 day placed cancelation refund request noone contacted initiated till go paid subscription spare time keep booking consultation per availability,"Review -> Paid Subscription, Consultation Booking, Refund and Cancellation Process, Service Quality",Both Positive and Negative
give u option suggest food even give basic option arrogantly reply like create youre aiming expand database include suggestion rather advising people funny fact ive asked create food 3 time even simple recipe like maize upma im create use app dont need suggestion bad,"Review -> Online Medicine Delivery, Online Doctor Consultations, Diagnostic Lab Tests, Medicine Authenticity, Lab Test Booking, Diagnostic Test Packages, Symptom Checker, Medical Blogs",Positive
usually post review app cancelled annual subscription plan yesterday paid new plan customised according need today previous annual subscription plan also got renewed inspite cancellation contacted team help feature app instantly refunded amount without asking question activated customized plan amazing customer service instant resolution issue increased respect towards team,"Review -> Subscription Plan Management, Customer Support, Refund Process",Positive
disappointing company interfering people workout session banner advertisement getting half screen healthify ad next downloaded video cant see workout ad push workout screen small try close ad close button disabled please fix asap,"Review -> Ad Display, User Interface, Video Playback, Ad Closure",Negative
app set random alarm pixel alarm time come set another alarm ive checked clock app ive researched internet apps causing issue pixel pausing force closing app remove alarm alarm show lockscreen anymore,"Review -> Alarm Management, Clock App Functionality, Lockscreen Display",Negative
think one bluff app vaccination people able book slot thru healthifyme app afterdoing selection applicant vaccination suddenly take page book slot per time moment u start selecting time slot bluffer app start showing msg error something went wrong people choice quit stare healthifyme app request please remove telegram app,"Review -> Booking Slot, Error Handling, User Interface, Vaccination Booking, Integration with HealthifyMe App",Negative
heavily dissatisfied dont sign wont allow delete account app asks email otp deleting wont send tried many time please dont sign update review healthifyme reply confusing reader telling user email id used user email id deleting otp reply sent email mail mentioned reply telling wait till agent catch app customer chat also doesnt work,"Review -> Account Deletion, OTP Verification, Customer Support, Chat Functionality, Email Verification",Negative
customer service sale pathetic subscribed user 6 month okish subscription ended kind spam chat started flowing woo another subscription raised issue customer care multiple time put dnd mode still receive spam second late posting transformation journey 40 daya already customer service agent push close ticket asap without actually job dissatisfied,"Review -> Customer Service, Subscription Management, Spam Handling, Ticket Management",Positive
beware purchasing plan charge emi 1000 per month two year plan 1 year cancel month charged 50 amount refunded 9000 rupeesamount 20000 never mention cancellation policy etc manage free package dont ever go paid one,"Beware purchasing plan charge emi 1000 per month two year plan 1 year cancel month charged 50 amount refunded 9000 rupeesamount 20000 never mention cancellation policy etc manage free package dont ever go paid one -> Subscription Plan, Cancellation Policy, Refund Policy, Payment Plan",Positive
restarted using app 2020 went subscription plan big mistake trainer pushed hard first month month exercising per workout plan ache body brought trainer attention multiple time feel like exercising 15 hour 6 day week seems bit much reply defensive nothing wrong exercise downgraded plan exclude trainer,"Review -> Subscription Plan, Workout Plan, Trainer Service",Negative
set alarm phone visible clock app cannot disable show notification alarm dont know disable slows phone make hang lot dont know bug something really disappointed im using quite long time relied ghost alarm hanging problem uninstalled really disappointed,"Review -> Alarm Feature, Notification Settings, Performance, Stability",Negative
irritating issue face using app cannot change orientation guided workout landscape mode even put auto rotate app refuse change orientation want know enjoys guided workout keeping phone vertical n number time phone slid fell people healthilyme youre listening please please something,"Review -> Screen Orientation, Auto Rotate, Guided Workout",Positive
show 7d trial pack never given free guy keep calling u pretext trial plan try selling paid plan got 3 call free plan would request pls insist free plan jump premium plan give paid plan u get free apps try explore,"7d trial pack never given free guy keep calling u pretext trial plan try selling paid plan got 3 call free plan would request pls insist free plan jump premium plan give paid plan u get free apps try explore 
-> Free Trial, Customer Support, Premium/Paid Plans, Application Features",Positive
app program called transform personal guidance offer trial period discount 1 month plan pricing telescoping one end spending good amount longer duration equating minthly saving v 1 month plancost 31 without knowing value offeringso kind blind game confident good program let people try committing longer term plan wrote support said trial plan transform,"Review -> Pricing Plan, Trial Period, Discount Offer, Monthly Savings, Commitment Plan",Positive
hi disappointing see kind response u people r giving query cud see aggressive follow ups trying register heathifyme app ur person calling continuosly support getting subscription registered special plan diabetes 1 observed coach handled diabetes case profile 2 first time choose coach getting 3 different category coach whereas afterward two,"Review -> Customer Support, Subscription Registration, Coach Assignment, Specialized Coaching for Diabetes",Positive
use face bit difficult possible try tone ordered thing didnt found order list hour searching option finally gave texted support system texting moved one app another came back lost message option went home page tried clicking top option chat member opened new chat appeared sec felt like lost old chat,"Review -> Chat Support, Navigation, Messaging System",Both Positive and Negative
tried personal coach 18 month back answer got repetitive tried smartplan since needed help menu planning big mistake menu generated ai engine insane dish get repeated often even day try change menu half dish simply found even found system run glitch able add,"Review -> Menu Planning, AI Engine, System Performance, User Interface",Negative
fine till plan almost expires lost weight toobut last 3 month constantly forcing renew planlast 2 week asked maintenance diet workout chart didnt provide thatthey constantly demotivate return old form dont renew planat last moment sending link referral didnt provide needed much business family till giving profit,"Review -> Weight Loss Plan, Diet Chart, Workout Plan, Customer Support, Referral Program",Positive
search food like sprout salad selecting item press back button doesnt take back searched food instead take back write food name search annoying since clicked wrong food want select available option cant take back main page write whole name search,"Review -> Search Functionality, Navigation, User Interface",Negative
hey love app change alarm time oneplus device automatically whenever add google widget time screen show different alarm tried uninstalling apps unistalled healthify wrong alarm went away please try solve please something cant without app,"Review -> Alarm Time Setting, Google Widget Integration, Uninstallation Process, Health and Fitness Tracking",Positive
purchased smart plan day decided cancel useful thought would absolutely refuse give refund even though day since bought even week done im purchasing plan cooling period wherein cancel get refund case useful way absolutely deny refunding back even asking hundred time done,"Review -> Refund Policy, Cooling Period, Cancellation Policy",Positive
app safe use dowloaded yesterday weird thing started happening alarm got set couldnt turn phone started hanging notification bar showed something running background visible phone restored back normal deleted app kindly look security issue,"Review -> App Installation, Security, Background Process, Notification, Alarm Setting, Phone Performance",Positive
free version app good 5 star think taking membership plan try hard sell expensive plan would ask sign asap discount code valid 5 min todayall jazz sensible person would think option carefully signing virtual guidance order see would work took week evaluate closed case stating undecided wo closing,"Review -> Membership Plan, Discount Offer, Virtual Guidance, Online Consultation, Diagnostic Lab Tests, Medicine Delivery",Positive
recent update resolved screen fixing issue cannot go back major header showing content diet every time logged close app restart able look header,"Review -> User Interface, Navigation, Header Display, App Restart, Content Display, Login/Logout Functionality",Positive
auto notification generated extremely misleading instance get update saying done well aced fact would updated detail number day clearly need fixed,"Review -> Notification System, Update Process, User Interface",Positive
happy customer instructor shabby job tick kind job involvement guidance lacking give missed call write isnt reachable whether loose still get paid recommending anyone asked refund cancellation policy convinced continue month show result open feedback waste time money,"Review -> Customer Support, Refund and Cancellation Policy, Payment Terms, Consultation Guidance, Medicine Delivery, Doctor Involvement",Positive
healthifyme im one subscription plan customer dont know subscription mean usually see word think general cancel plan anytime want currently 4 month since bought wanted cancel plan due health issue told team cant doesnt fall term condition today got know billing payment info fall privacy policy option app buying sale rep wasnt bothered mention detail also checked website well nowhere mentioned term condition would lot easier put asterisk write term condition applied aads team told responsibility ask term condition buying plan honestly didnt know since sale rep didnt even minimum courtesy tell refund policy purchasing plan even app option see billing detail easily even fault put important information privacy policy dont option called billing payment info least term condition app directly youre making fool customer like making difficult cancel plan highly messed ridiculous blame customer asking sale rep company term condition usually horrible term warned prior product electronic item lost buy related health make sure inform buyer everything making buyer like fool ridiculous term condition atleast add easy option app one notice billing payment option,"Review -> Subscription Plan, Cancellation Policy, Billing and Payment Information, Refund Policy, Transparency of Terms and Conditions, Customer Support, App Navigation and Information Display",Negative
great app would love use notification suck ive quit tracking multiple time bad ux understand need push paid program thats make money dont want cannot use tracking feature without getting chat conversation popups every single time happily pay simpler version allows use basic tracking without extra cost coaching fluff,"Review -> Notification System, Tracking Feature, User Experience, Payment Model, Coaching Feature",Positive
app good onle complaint mine set reminder doesnt ring alarm sound notification ring example reminder come time drink water ringbut notification come go drinking water know time drink water come busy household work please help reminder alarm sound,"Review -> Reminder Feature, Alarm Sound Notification",Positive
waste dont fall prey please check refund policy never ever book whole 1 year try 1 month deceived book 1 year later didnt like policy say refund forced stuck 1 year interest try day committing long yes booking customer executive promised refunded dont like program booked totally different attitude thats called cheating,"Review -> Refund Policy, Booking Policy, Customer Support",Negative
absolutely pathetic service come customer support technical team coach excellent rest pathetic like come customer support including technical team despite bringing issue notice sharing video recording etc via email several time one bother look video recording forget resolution response review dont ask email issue useless support team,Review -> Customer Support,Positive
great app great feature thing forcing give low rating damn slow booking studio session checking booked session detail take easy 3040 sec load fruatrating u want login last moment n screen take hell amount time much thought process put designing app best feature think amount thought process also given making user friendly time saving easy navigation screen,"Review -> Booking Studio Session, Login, Navigation, Loading Time, User Interface",Positive
activated 7 day free trial yesterday see app assigned coach vasvee today received weird 6 day diet plan showed total calorie intake 500 calorie messaged vasvee today morning asking healthy never received reply waited whole day today messaged get automated message saying leave earth would assign coach planning go leave whole point giving free trial see app help far one day trial plan wasted im sure wasted tomorrow also way going treat go premium plan dont think activating want trial plan reset proper coach assigned cannot help let know uninstall app recommending anyone else thankyou horrible experience,"Review -> Coach Assignment, Diet Plan, Calorie Intake, Automated Messaging, Customer Support, Free Trial Plan",Positive
21st centurywhere communication two continent country take place click swipe phoneand u connect consult professional point time within minits secondsbut app going premier plani found biggest weakpoint app wait long get replywhich vierd sadyoucannot call coach message,"Review -> Response Time, Consultation Feature, Messaging Feature, Calling Feature",Both Positive and Negative
mean freeloader would definitely subscribe app like service provides first like see worth app annoying within minute sign popups upgrade crazy exhausting cant use one basic feature without getting pop id suggest toning little letting people use feature first limited period time something,"Review -> In-App Purchases, Subscription Model, User Interface, Pop-up Ads, Free Trial or Limited Period Usage",Negative
changing faulty thing app asked correct many item passing idea one team without solution problem app 1 reply option text talk coach 2 way send pdf video file coach app 3 interface yoga app clumsy non functional many,"Review -> User Interface, Functionalality, File Sharing, Messaging, Video Capability, User Experience",Negative
helped well helping lot nice coach encouraging time keep track cant follow video tube require someone encourage guide,"Review -> Guidance and Encouragement, Video Tutorials, Tracking Progress, Accessibility",Positive
unable add food item hence unable track calorie searching food item add breakfast lunch always show result found already cleared cache troubleshooting option use also notification bit annoying cluster notification together hence making miss important reminder like water drinking please resolve,"Review -> Food Tracking, Calorie Tracking, Search Function, Cache Management, Notification Management, Reminder Functionality",Positive
really frustrating sync step used work fine app today working updated app tried connecting google fit still showing zero step 15 day since raised issue still cant sync google fit app,"Review -> Google Fit Integration, Step Tracking",Negative
app good one issue ut always show alarm clock sign top notification bar reinstalled twice changed every app setting yet clock sign show whenever sign app please help want sign gone,"Review -> Notification Management, Alarm Clock Feature",Positive
hi guy phone keep restarting sonce installed app must say app really really cool n many indian dish plz someone look app issue keep crashing restarting phone lenovo p2 also submitted log much possible techy luk n help continue use app otherwise forced uninstall wich want thanks buddy update reboot issue fixed still facing high frequent app crash,"Review -> App Stability, Crash Recovery, Compatibility",Positive
one early user pro plan dont fall sale pitch realtime feedback promised personalized approach every thing cookie cutter time response coach specific question lot preset response even related question coach dont even follow advice one many example diet coach asked avoid gluten kept adding gluten product diet,"Review -> Personalized Approach, Real-time Feedback, Customized Diet Plans",Positive
subject urgent access issue purchased subscription dear healthifyme support team im writing address frustrating issue paid subscription 100424 yet im still denied access premium feature payment processed app refuse acknowledge demand immediate resolution either grant access ive paid refund full amount without delay prompt action matter required,"Review -> Payment Processing, Access to Premium Features, Refund Policy",Positive
pathetic app lure money add extra change without knowledge dont even provide proof dont tell u term condition openly collaboration bank cost emi hate app apart process amount bank account 20 working day much interest pilled amount still cannot get answer,"Review -> Payment Processing, Transparency, Customer Support, Interest Rates, Loan Terms, Collaboration with Banks, EMI Options, Refund Process, Account Management 

Note: The review does not seem to be related to the Apollo 247 - Health & Medicine app, but rather a financial or banking app.",Negative
poor experience initially say full amount deducted instantly converted emi later amount credited source account deducted monthly basis everything lie amount deducted cannot converted emi cancellation policy initially say 100 refundable within 30days however later deduct processing fee,"Review -> Payment Processing, Refund Policy, EMI Conversion, Cancellation Policy",Negative
dont go paid version doesnt worth money spend cannot contact trainer directly book call slot available next day dont reply message instantly make lose interest discus go one month pack feel useful go 3 6 month plan dont fall discount given 6 month plan trap,"Review -> Paid Version, Direct Contact with Trainer, Booking Call Slot, Reply to Messages, Package Duration, Discount Offers",Positive
guy purely money minded stay away paid plan used paid service long timemore 2 year last 2 year increased charge 1000 every 34 month would increase 200 dont need diet coach even fitness coaching expensive personal coach gym app designed force buy expensive plan long time reinstalled app something called smart plan pay 200300 every month chose workout plan available option coach wanted try figured using premium plan earlier within hour smart plan vanished login want buy buy premium plan worth nothing know anything workout manage careful go nearby gym serious fitness weight loss etc,"Review -> Pricing, Subscription Plan, Coaching Services, Workout Plan, Login/Authentication, Premium Features",Positive
unprofessional disabled account n unable access r still taking monthly installment seems fraud also give information one email id put email id instead even asking change email id receive mail cant even stop installment trying contact unable account disabledhopefully reading review take action,"Review -> Account Management, Payment Processing, Email Notification, Customer Support",Negative
similar application application one like problem payment always rejected every time want make transaction ive tried type payment debit card credit card electronic money always say error transaction declined please help,Review -> Payment Processing,Positive
worthless premium membership buy would possible would asked cancellation refund selling promised gauranteed weight loss however service one benefit got similar review friend theyll send video follow video excercise alone room diet many thing wont possible follow cultfit much better group people energy high face face better,"Review -> None of the features mentioned in the review are directly related to Apollo 247 - Health & Medicine, the review seems to be about a weight loss or fitness program, possibly Cultfit.",Positive
good experience first written 199month plan recommended amount deducted complete year 2300 chatting ai group coach nothingyou pay extra 50007000 get service isnt mentioned first step even ai give diet planyour medical condition isnt taken account workout session given plus support hub wont revert within 2448 hour written,"Review -> Payment Plan, Diet Plan, Medical Condition Consideration, Workout Session, Customer Support, Refund Policy",Positive
hi team request enable feature client doesnt want share hisher credential one limit usage application non premium feature tried accessing application asked phone number email id without able go ahead proceeded delete application hopefully team find way u consist without asking personal information,"Review -> User Authentication, Data Privacy, Application Usage Limitations, Premium Features, Registration Process",Positive
really like app issue app unfortunately suffer severe endometriosis bilateral sacroilitise disorder available option list disease want follow app unable issue please help patient like would appreciate u make extra option people like thank,"Review -> Disease Management Options, Online Consultation, Medication Delivery",Positive
reason im giving 5 star serving size available indian dish like rice option bowl katori serving size rice doesnt make much sense wouldve better one plate indian dont eat bowl katoris rice kept large plate take small respective plate would really love see option plate added serving size,"Review -> Serving Size Options, Food Serving Units, Indian Food Options, User Interface",Positive
transparent policy give lot false information like cancel anytime get subscribe plan dont find useful try cancel come policy true detail money one way paid way getting back lost 25k better dont trust say enroll thorough check dont want get surprise later worst strategy earn money,"Review -> Subscription Plan, Cancellation Policy, Refund Policy",Negative
paid plan customer service responsive waited 4 day spoke senior take time see going eventually fix first guy done 5 minute compensation offered inconvinience travel overseas want pay 4 time renew usd either way better apps people focusing training rather dealing untrained customer service,"Review -> Customer Service, Compensation Policy, Renewal Process, Competitor Comparison, Training and Support",Positive
extremely irritating advt interferes everything play game limited time looong advt keep popping blocking everything obviously company making much money afford put frequent long advertisement commonsense least stop shown advt 300 time oh already downloaded app keep attack,"Review -> Ad Frequency, Ad Duration, User Experience, In-App Advertising",Negative
